variant_id,variant_category,step_id,local_final_ne_m3,pygmol_final_ne_m3,ratio_final_ne_pygmol_over_local,local_final_mean_energy_eV,pygmol_final_mean_energy_equiv_eV,ratio_final_mean_energy_equiv_pygmol_over_local,local_mean_absorbed_power_W,pygmol_mean_absorbed_power_W,local_final_wafer_ion_flux_m2_s,pygmol_final_cylinder_wall_Arplus_flux_m2_s,power_scale,wall_area_scale,surface_sticking_scale,arrhenius_a_scale,electron_energy_loss_scale
baseline,baseline,ignition,7.826435992375635e+16,2.286505590329249e+16,0.29215157353317894,1.664451713571195,2.7585615926475424,1.6573395131594775,333.6391345557527,504.80035790414064,4.089398865112433e+19,1.652488699990381e+18,1.0,1.0,1.0,1.0,1.0
baseline,baseline,production,2.4107268447347296e+17,1.4509249525759914e+17,0.6018620300118023,1.662612635192909,2.4279868653347414,1.4603442882250368,1094.0823474742563,1489.1737254133313,1.2669029679693693e+20,9.960273086396508e+18,1.0,1.0,1.0,1.0,1.0
baseline,baseline,afterglow,418033350741352.1,1.1573186690253064e+17,276.84840622713114,0.8839174015298619,0.35307287090212663,0.3994410227596346,0.0,0.0,2.4849111237958995e+17,2.5091032913011164e+18,1.0,1.0,1.0,1.0,1.0
ionization_rate_x0p5,rate,ignition,7.826435992375635e+16,1.5006471484979226e+16,0.1917408064104561,1.664451713571195,2.9605888719865474,1.7787171882772146,333.6391345557527,502.4947045668605,4.089398865112433e+19,1.1141504673517325e+18,1.0,1.0,1.0,0.5,1.0
ionization_rate_x0p5,rate,production,2.4107268447347296e+17,9.313049549993048e+16,0.3863170798605278,1.662612635192909,2.593582480497291,1.5599439253608005,1094.0823474742563,1492.5475435292492,1.2669029679693693e+20,6.568460491121218e+18,1.0,1.0,1.0,0.5,1.0
ionization_rate_x0p5,rate,afterglow,418033350741352.1,7.42732803776194e+16,177.67309772270815,0.8839174015298619,0.3533943706474174,0.39980474423941803,0.0,0.0,2.4849111237958995e+17,1.6112720987389903e+18,1.0,1.0,1.0,0.5,1.0
ionization_rate_x2,rate,ignition,7.826435992375635e+16,3.47246481676015e+16,0.4436840498207561,1.664451713571195,2.588656215548935,1.5552606269332958,333.6391345557527,505.07869183083085,4.089398865112433e+19,2.4472067360331397e+18,1.0,1.0,1.0,2.0,1.0
ionization_rate_x2,rate,production,2.4107268447347296e+17,2.2544998518304637e+17,0.9351950664815131,1.662612635192909,2.2863316428142997,1.3751439117079862,1094.0823474742563,1497.308448015985,1.2669029679693693e+20,1.5087244826160237e+19,1.0,1.0,1.0,2.0,1.0
ionization_rate_x2,rate,afterglow,418033350741352.1,1.7986415818775117e+17,430.26270001849133,0.8839174015298619,0.3529503293472966,0.39930238813764624,0.0,0.0,2.4849111237958995e+17,3.898675847426568e+18,1.0,1.0,1.0,2.0,1.0
excitation_rate_x0p5,rate,ignition,7.826435992375635e+16,4.4053176429658216e+16,0.5628765950756383,1.664451713571195,2.749449687623755,1.6518650947972668,333.6391345557527,504.1123382041472,4.089398865112433e+19,3.1797000639564365e+18,1.0,1.0,1.0,0.5,1.0
excitation_rate_x0p5,rate,production,2.4107268447347296e+17,2.834274854441756e+17,1.1756930739092644,1.662612635192909,2.4413586553625732,1.468386925304046,1094.0823474742563,1499.4742641695896,1.2669029679693693e+20,1.950193653570516e+19,1.0,1.0,1.0,0.5,1.0
excitation_rate_x0p5,rate,afterglow,418033350741352.1,2.2449395596641392e+17,537.0240330545159,0.8839174015298619,0.36557619704202093,0.41358637855674174,0.0,6.283983384856995,2.4849111237958995e+17,4.988529307288479e+18,1.0,1.0,1.0,0.5,1.0
excitation_rate_x2,rate,ignition,7.826435992375635e+16,1.1659240109740694e+16,0.14897253515008496,1.664451713571195,2.767693336367436,1.6628258505794444,333.6391345557527,502.5658994599225,4.089398865112433e+19,8.437098451337101e+17,1.0,1.0,1.0,2.0,1.0
excitation_rate_x2,rate,production,2.4107268447347296e+17,7.341685347531747e+16,0.30454239822179474,1.662612635192909,2.4398883834693885,1.4675026111456768,1094.0823474742563,1493.9986301140436,1.2669029679693693e+20,5.050096293047742e+18,1.0,1.0,1.0,2.0,1.0
excitation_rate_x2,rate,afterglow,418033350741352.1,5.894578095802737e+16,141.00736425333352,0.8839174015298619,0.34179399533928145,0.38668092148396793,0.0,8.351237524722778,2.4849111237958995e+17,1.248925471391306e+18,1.0,1.0,1.0,2.0,1.0
energy_loss_x0p5,energy_loss,ignition,7.826435992375635e+16,4.512684694388391e+16,0.5765951064807229,1.664451713571195,2.764196630909149,1.660725035380195,333.6391345557527,505.3224851015412,4.089398865112433e+19,3.2639840227985126e+18,1.0,1.0,1.0,1.0,0.5
energy_loss_x0p5,energy_loss,production,2.4107268447347296e+17,2.867737302109966e+17,1.1895737206284458,1.662612635192909,2.4411882730921377,1.468284446670822,1094.0823474742563,1500.0,1.2669029679693693e+20,1.973162666055127e+19,1.0,1.0,1.0,1.0,0.5
energy_loss_x0p5,energy_loss,afterglow,418033350741352.1,2.27151687800645e+17,543.3817359256332,0.8839174015298619,0.3659996641883611,0.4140654585540438,0.0,0.0,2.4849111237958995e+17,5.051722735779852e+18,1.0,1.0,1.0,1.0,0.5
energy_loss_x1p5,energy_loss,ignition,7.826435992375635e+16,1.530846308421712e+16,0.19559941586605106,1.664451713571195,2.7657955005543675,1.6616856337755597,333.6391345557527,502.2925284969095,4.089398865112433e+19,1.1074883044026985e+18,1.0,1.0,1.0,1.0,1.5
energy_loss_x1p5,energy_loss,production,2.4107268447347296e+17,9.711778858718034e+16,0.4028568761296842,1.662612635192909,2.4412395232414377,1.4683152717398822,1094.0823474742563,1493.7830017968727,1.2669029679693693e+20,6.68198306057025e+18,1.0,1.0,1.0,1.0,1.5
energy_loss_x1p5,energy_loss,afterglow,418033350741352.1,7.77661980882607e+16,186.02869352492556,0.8839174015298619,0.3461288365186535,0.3915850462040712,0.0,10.734996379151584,2.4849111237958995e+17,1.6624528252527135e+18,1.0,1.0,1.0,1.0,1.5
arplus_sticking_x0p5,surface,ignition,7.826435992375635e+16,2.390312971298058e+16,0.3054152584428794,1.664451713571195,2.732432943180776,1.6416414612101629,333.6391345557527,502.27816542354685,4.089398865112433e+19,1.0751050310000908e+18,1.0,1.0,0.5,1.0,1.0
arplus_sticking_x0p5,surface,production,2.4107268447347296e+17,1.8527722719235965e+17,0.7685533829642449,1.662612635192909,2.330835892221464,1.401911571513483,1094.0823474742563,1486.2540345478137,1.2669029679693693e+20,7.998043232204601e+18,1.0,1.0,0.5,1.0,1.0
arplus_sticking_x0p5,surface,afterglow,418033350741352.1,1.5451081297125498e+17,369.6136030707625,0.8839174015298619,0.4075721813546473,0.4610975874547007,0.0,0.0,2.4849111237958995e+17,3.088491668535091e+18,1.0,1.0,0.5,1.0,1.0
wall_area_x1p5,geometry,ignition,7.826435992375635e+16,2.088962713420664e+16,0.2669111094060811,1.664451713571195,2.8038473517318763,1.6845471267628607,333.6391345557527,505.2085702484991,4.089398865112433e+19,1.8262075593324337e+18,1.0,1.5,1.0,1.0,1.0
wall_area_x1p5,geometry,production,2.4107268447347296e+17,9.922901996127576e+16,0.41161453101997825,1.662612635192909,2.5765292575400816,1.5496870425510347,1094.0823474742563,1499.2461755290815,1.2669029679693693e+20,8.476922688578794e+18,1.0,1.5,1.0,1.0,1.0
wall_area_x1p5,geometry,afterglow,418033350741352.1,6.6354013467161816e+16,158.72899458736424,0.8839174015298619,0.19378716640845828,0.219236736456434,0.0,6.924924412913229,2.4849111237958995e+17,1.5163128822247808e+18,1.0,1.5,1.0,1.0,1.0
wall_area_x2,geometry,ignition,7.826435992375635e+16,1.9200743361609316e+16,0.24533189027948754,1.664451713571195,2.8090696521695664,1.6876846767410967,333.6391345557527,500.677160380455,4.089398865112433e+19,1.8112613650396232e+18,1.0,2.0,1.0,1.0,1.0
wall_area_x2,geometry,production,2.4107268447347296e+17,7.807764273930718e+16,0.32387594185478386,1.662612635192909,2.669542485301161,1.6056310584885098,1094.0823474742563,1492.6808869309298,1.2669029679693693e+20,7.28598123834141e+18,1.0,2.0,1.0,1.0,1.0
wall_area_x2,geometry,afterglow,418033350741352.1,4.486797295101765e+16,107.33108464060946,0.8839174015298619,0.11678276648114044,0.13211954678006768,0.0,12.940202505414216,2.4849111237958995e+17,9.809142497174762e+17,1.0,2.0,1.0,1.0,1.0
power_x0p75,power,ignition,7.826435992375635e+16,1.7141680408200596e+16,0.21902281478951205,1.664451713571195,2.7495792627896654,1.6519429433553559,333.6391345557527,377.0511788830314,4.089398865112433e+19,1.2372787383532298e+18,0.75,1.0,1.0,1.0,1.0
power_x0p75,power,production,2.4107268447347296e+17,1.0881655238492166e+17,0.4513848286983985,1.662612635192909,2.431179632401631,1.4622646195152649,1094.0823474742563,1117.9202235912069,1.2669029679693693e+20,7.47404087946498e+18,0.75,1.0,1.0,1.0,1.0
power_x0p75,power,afterglow,418033350741352.1,8.6796589075787e+16,207.63077616142226,0.8839174015298619,0.3531453829380994,0.3995230576147548,0.0,0.0,2.4849111237958995e+17,1.8820241795120028e+18,0.75,1.0,1.0,1.0,1.0
power_x1p25,power,ignition,7.826435992375635e+16,2.85796922205075e+16,0.3651686699840041,1.664451713571195,2.7634100440374634,1.660252455211439,333.6391345557527,631.7116067126881,4.089398865112433e+19,2.0669066886445396e+18,1.25,1.0,1.0,1.0,1.0
power_x1p25,power,production,2.4107268447347296e+17,1.8136692222805987e+17,0.7523329431709922,1.662612635192909,2.4412430594620025,1.4683173986457472,1094.0823474742563,1871.7235432379173,1.2669029679693693e+20,1.2478837830072486e+19,1.25,1.0,1.0,1.0,1.0
power_x1p25,power,afterglow,418033350741352.1,1.44661995090693e+17,346.053717566183,0.8839174015298619,0.35303769210228614,0.3994012240185083,0.0,9.62525094856095,2.4849111237958995e+17,3.1361406032987484e+18,1.25,1.0,1.0,1.0,1.0
