t,Ar,Ar+,e,T_e,T_n,p,P
0.0,1.6917887319817692e+21,1691788731981.769,1691788731981.769,3.0,342.5,8.0,500.0
6.278266804146848e-12,1.6917887319817658e+21,1691792078735.4963,1691792078735.4963,3.1927761515941757,342.5,8.0,500.0
1.2556533608293696e-11,1.691788731981761e+21,1691796807902.9858,1691796807902.9858,3.385488999548965,342.5,8.0,500.0
7.533920164976218e-11,1.6917887319813999e+21,1692158298645.9463,1692158298645.9463,5.302989288333622,342.5,8.000000000000002,500.0
1.3812186969123066e-10,1.6917887319803324e+21,1693225249158.2783,1693225249158.2783,7.201986499315773,342.5,7.999999999999999,500.0
2.540255141251507e-10,1.6917887319758647e+21,1697693344557.7478,1697693344557.7478,10.638092815651541,342.5,8.0,500.0
3.699291585590708e-10,1.691788731967408e+21,1706150380416.3875,1706150380416.3875,13.943855123646246,342.5,8.000000000000002,500.0
4.858328029929908e-10,1.6917887319545338e+21,1719024149768.9072,1719024149768.9072,17.0769894283753,342.5,8.0,500.0
7.328628263556033e-10,1.6917887319129323e+21,1760625691055.1643,1760625691055.1643,23.060370994431565,342.5,8.0,500.0
9.798928497182156e-10,1.6917887318530882e+21,1820469634379.8442,1820469634379.8442,27.97163753053209,342.5,8.0,500.0
1.2269228730808279e-09,1.6917887317774563e+21,1896101562414.9553,1896101562414.9553,31.80627805964716,342.5,7.999999999999999,500.0
1.4739528964434401e-09,1.6917887316883496e+21,1985208501578.1572,1985208501578.1572,34.66336655419372,342.5,8.0,500.0
1.8895861564108196e-09,1.6917887315122423e+21,2161315487294.2273,2161315487294.2273,37.655762564699174,342.5,7.999999999999999,500.0
2.305219416378199e-09,1.6917887313085375e+21,2365020098392.497,2365020098392.497,38.95718992523214,342.5,7.999999999999999,500.0
2.7208526763455786e-09,1.691788731081415e+21,2592143059338.2104,2592143059338.2104,39.14544656124888,342.5,8.0,500.0
3.136485936312958e-09,1.691788730833847e+21,2839711230872.816,2839711230872.816,38.645167780368766,342.5,8.000000000000002,500.0
3.883409001310122e-09,1.6917887303441216e+21,3329436404872.3223,3329436404872.3223,36.84360292511988,342.5,8.0,500.0
4.630332066307287e-09,1.6917887298055782e+21,3867979968844.654,3867979968844.654,34.64873027148611,342.5,8.000000000000002,500.0
5.377255131304451e-09,1.6917887292253728e+21,4448185027862.278,4448185027862.278,32.46701496358164,342.5,7.999999999999999,500.0
6.124178196301616e-09,1.691788728608583e+21,5064974655600.751,5064974655600.751,30.4419301312643,342.5,7.999999999999999,500.0
7.072210922770752e-09,1.691788727779164e+21,5894393853200.307,5894393853200.307,28.152004413006395,342.5,7.999999999999999,500.0
8.020243649239888e-09,1.6917887269041637e+21,6769394204169.41,6769394204169.41,26.175549012556335,342.5,8.0,500.0
8.968276375709024e-09,1.6917887259893975e+21,7684160823433.517,7684160823433.517,24.476992889202936,342.5,8.000000000000002,500.0
9.91630910217816e-09,1.691788725039573e+21,8633984842142.398,8633984842142.398,23.01181644746274,342.5,7.999999999999999,500.0
1.1924902860733513e-08,1.6917887229283412e+21,10745216481474.393,10745216481474.393,20.503497896330433,342.5,7.999999999999999,500.0
1.3933496619288865e-08,1.6917887207092595e+21,12964297712315.719,12964297712315.719,18.593393410166946,342.5,7.9999999999999964,500.0
1.594209037784422e-08,1.6917887184069e+21,15266657717376.482,15266657717376.482,17.096967665328883,342.5,7.999999999999999,500.0
1.7950684136399573e-08,1.6917887160403813e+21,17633176603182.645,17633176603182.645,15.895495414969767,342.5,8.0,500.0
2.231092484794133e-08,1.6917887107415878e+21,22931969842978.527,22931969842978.527,13.954190362742713,342.5,7.999999999999999,500.0
2.6671165559483086e-08,1.6917887053120778e+21,28361480190558.734,28361480190558.734,12.595036078937285,342.5,8.0,500.0
3.103140627102484e-08,1.6917886998207196e+21,33852838676881.316,33852838676881.316,11.588658542306513,342.5,8.000000000000002,500.0
3.539164698256659e-08,1.691788694307817e+21,39365740893312.86,39365740893312.86,10.810535134593946,342.5,8.0,500.0
4.3139125567758664e-08,1.6917886845250526e+21,49148505527450.54,49148505527450.54,9.783376608022811,342.5,8.000000000000002,500.0
5.0886604152950735e-08,1.6917886748383416e+21,58835215969813.44,58835215969813.44,9.043674349199172,342.5,7.999999999999998,500.0
5.8634082738142806e-08,1.691788665290197e+21,68383360754261.836,68383360754261.836,8.48203761607788,342.5,7.999999999999999,500.0
6.638156132333488e-08,1.6917886558955443e+21,77778013469740.31,77778013469740.31,8.038318176053114,342.5,7.999999999999999,500.0
8.19369565161462e-08,1.6917886375010147e+21,96172543574420.23,96172543574420.23,7.372301692224028,342.5,8.000000000000002,500.0
9.749235170895751e-08,1.6917886197292152e+21,113944342390242.16,113944342390242.16,6.895053255879972,342.5,7.999999999999998,500.0
1.1304774690176882e-07,1.6917886025365775e+21,131136980405440.42,131136980405440.42,6.532504227029299,342.5,8.0,500.0
1.2860314209458014e-07,1.6917885858686616e+21,147804896476722.78,147804896476722.78,6.244860193743008,342.5,8.0,500.0
1.582149557109602e-07,1.6917885554303005e+21,178243257058091.62,178243257058091.62,5.829878391996182,342.5,7.999999999999998,500.0
1.8782676932734024e-07,1.6917885264503487e+21,207223209085135.75,207223209085135.75,5.525537489896043,342.5,7.999999999999999,500.0
2.174385829437203e-07,1.6917884987023407e+21,234971216870495.5,234971216870495.5,5.289628303398797,342.5,7.999999999999998,500.0
2.470503965601003e-07,1.691788472011523e+21,261662034524288.44,261662034524288.44,5.099149201758128,342.5,7.999999999999999,500.0
3.0213964369696646e-07,1.6917884247728215e+21,308900736677892.7,308900736677892.7,4.825044048580904,342.5,8.000000000000002,500.0
3.572288908338326e-07,1.6917883801259483e+21,353547609624416.2,353547609624416.2,4.6194651783365375,342.5,8.0,500.0
4.1231813797069875e-07,1.6917883376027894e+21,396070768606225.7,396070768606225.7,4.457158833980549,342.5,8.0,500.0
4.674073851075649e-07,1.6917882968547357e+21,436818821892534.44,436818821892534.44,4.323601812178935,342.5,7.999999999999998,500.0
5.683351762923929e-07,1.6917882260516564e+21,507621901120612.5,507621901120612.5,4.129892271039234,342.5,7.999999999999998,500.0
6.692629674772208e-07,1.6917881592960778e+21,574377479348002.1,574377479348002.1,3.9818768712991806,342.5,7.9999999999999964,500.0
7.701907586620488e-07,1.6917880959175486e+21,637756008801948.2,637756008801948.2,3.8647454459322153,342.5,7.999999999999998,500.0
8.711185498468767e-07,1.6917880354021067e+21,698271450810583.1,698271450810583.1,3.767637961770442,342.5,7.999999999999998,500.0
1.05507014382716e-06,1.69178793083572e+21,802837836456298.9,802837836456298.9,3.625025695561275,342.5,7.999999999999993,500.0
1.2390217378074431e-06,1.6917878324958255e+21,901177730370218.2,901177730370218.2,3.5125915298127843,342.5,7.99999999999999,500.0
1.4229733317877263e-06,1.6917877391471047e+21,994526450695519.8,994526450695519.8,3.421176579535988,342.5,7.999999999999988,500.0
1.76965488787335e-06,1.69178757440297e+21,1159270585231787.5,1159270585231787.5,3.287416771644716,342.5,7.999999999999988,500.0
2.1163364439589736e-06,1.6917874211425128e+21,1312531043308440.8,1312531043308440.8,3.187029901666896,342.5,7.999999999999992,500.0
2.463018000044597e-06,1.691787277006389e+21,1456667166863459.0,1456667166863459.0,3.1067121568718115,342.5,7.99999999999999,500.0
2.8096995561302208e-06,1.6917871399047167e+21,1593768838580235.5,1593768838580235.5,3.0385641114839887,342.5,7.999999999999988,500.0
3.502590656267467e-06,1.6917868830879604e+21,1850585594061709.5,1850585594061709.5,2.9318507151538498,342.5,7.999999999999983,500.0
4.195481756404713e-06,1.6917866436808275e+21,2089992726807849.8,2089992726807849.8,2.850369145121537,342.5,7.999999999999983,500.0
4.88837285654196e-06,1.6917864181036606e+21,2315569893610155.0,2315569893610155.0,2.784871199108949,342.5,7.999999999999983,500.0
5.5812639566792064e-06,1.6917862040840118e+21,2529589542286141.5,2529589542286141.5,2.7304328250570182,342.5,7.999999999999982,500.0
6.817950223637915e-06,1.6917858457902194e+21,2887883335076136.0,2887883335076136.0,2.652422783768156,342.5,7.999999999999984,500.0
8.054636490596624e-06,1.6917855113828995e+21,3222290654619990.0,3222290654619990.0,2.591016435398588,342.5,7.999999999999982,500.0
9.291322757555331e-06,1.6917851957777814e+21,3537895771697352.5,3537895771697352.5,2.5405944415619994,342.5,7.999999999999977,500.0
1.052800902451404e-05,1.691784895642004e+21,3838031548456126.0,3838031548456126.0,2.498026279200503,342.5,7.999999999999974,500.0
1.2801216889629939e-05,1.6917843776275273e+21,4356046025658363.0,4356046025658363.0,2.434478499600552,342.5,7.999999999999977,500.0
1.5074424754745838e-05,1.6917838942780827e+21,4839395469498638.0,4839395469498638.0,2.3841289299656783,342.5,7.999999999999973,500.0
1.7347632619861737e-05,1.691783438625891e+21,5295047659002698.0,5295047659002698.0,2.3424747624292728,342.5,7.999999999999962,500.0
1.9620840484977635e-05,1.6917830056787832e+21,5727994766180546.0,5727994766180546.0,2.306938414627997,342.5,7.999999999999959,500.0
2.409918899954489e-05,1.6917822071949102e+21,6526478649575488.0,6526478649575488.0,2.249997807863937,342.5,8.000000000000009,500.0
2.8577537514112146e-05,1.6917814660699833e+21,7267603594857140.0,7267603594857140.0,2.205542206021868,342.5,8.000000000000096,500.0
3.30558860286794e-05,1.6917807726773202e+21,7960996265686530.0,7960996265686530.0,2.1696110683263834,342.5,8.000000000000131,500.0
3.753423454324666e-05,1.6917801195388684e+21,8614134708188627.0,8614134708188627.0,2.13909378519899,342.5,8.000000000000089,500.0
4.55496527336973e-05,1.691779025867338e+21,9707806245605012.0,9707806245605012.0,2.093056051800752,342.5,8.00000000000012,500.0
5.356507092414794e-05,1.691778012463853e+21,1.0721209740189708e+16,1.0721209740189708e+16,2.057499525555785,342.5,8.000000000000167,500.0
6.158048911459858e-05,1.6917770651651002e+21,1.1668508498371472e+16,1.1668508498371472e+16,2.0277312764015525,342.5,8.000000000000192,500.0
6.959590730504922e-05,1.691776173611849e+21,1.2560061750057342e+16,1.2560061750057342e+16,2.0024263913506384,342.5,8.000000000000195,500.0
8.490233283181318e-05,1.6917746004814885e+21,1.413319210944781e+16,1.413319210944781e+16,1.9631987065979626,342.5,8.000000000000188,500.0
0.00010020875835857715,1.6917731629662124e+21,1.557070738667641e+16,1.557070738667641e+16,1.93211323049513,342.5,8.000000000000195,500.0
0.00011551518388534111,1.691771834158216e+21,1.6899515384975576e+16,1.6899515384975576e+16,1.9064515606844221,342.5,8.000000000000204,500.0
0.00013082160941210508,1.6917705966084033e+21,1.8137065198059604e+16,1.8137065198059604e+16,1.8848274627515675,342.5,8.000000000000206,500.0
0.0001586373244976499,1.691768546348424e+21,2.0187325178829944e+16,2.0187325178829944e+16,1.8530571317709386,342.5,8.000000000000213,500.0
0.00018645303958319474,1.691766704202242e+21,2.2029471368094332e+16,2.2029471368094332e+16,1.8279689412879698,342.5,8.000000000000247,500.0
0.00019547170388611783,1.6917661436618416e+21,2.2590011769765824e+16,2.2590011769765824e+16,1.8208454781108667,342.5,8.000000000000254,500.0
0.00019796844698234447,1.6917659914752381e+21,2.2742198373076576e+16,2.2742198373076576e+16,1.818832497828107,342.5,8.000000000000252,500.0
0.0001992168185304578,1.6917659158503065e+21,2.281782330450225e+16,2.281782330450225e+16,1.8178602128331705,342.5,8.00000000000025,500.0
0.00019984100430451445,1.6917658781561187e+21,2.285551749244398e+16,2.285551749244398e+16,1.8173975569689083,342.5,8.000000000000252,500.0
0.00019992993910323146,1.6917658727918016e+21,2.2860881809739212e+16,2.2860881809739212e+16,1.817331726074717,342.5,8.000000000000252,500.0
0.00019997334638488214,1.6917658701741585e+21,2.286349945248077e+16,2.286349945248077e+16,1.8172994658769828,342.5,8.00000000000025,500.0
0.00019999696491221342,1.6917658686177076e+21,2.286505590329249e+16,2.286505590329249e+16,1.8390410617650284,342.5,8.00000000000025,941.6329271809337
0.0002000205834395447,1.6917658665355984e+21,2.286713801223764e+16,2.286713801223764e+16,1.8968659313039142,342.5,8.000000000000249,1395.8353758593084
0.00020004420196687597,1.691765863360577e+21,2.2870313033912348e+16,2.2870313033912348e+16,1.971705467149702,342.5,8.000000000000249,1500.0
0.00020006782049420725,1.691765858661361e+21,2.2875012249605024e+16,2.2875012249605024e+16,2.0380314588739177,342.5,8.000000000000249,1500.0
0.00020009712386798368,1.6917658506748992e+21,2.2882998711552572e+16,2.2882998711552572e+16,2.0962954120582933,342.5,8.000000000000249,1500.0
0.0002001264272417601,1.6917658407200455e+21,2.289295356556268e+16,2.289295356556268e+16,2.1303826000118833,342.5,8.000000000000252,1500.0
0.00020015573061553653,1.6917658294334246e+21,2.2904240186272628e+16,2.2904240186272628e+16,2.150087315766473,342.5,8.00000000000025,1500.0
0.00020018503398931296,1.691765817348394e+21,2.2916325216688012e+16,2.2916325216688012e+16,2.1626985483965138,342.5,8.000000000000249,1500.0
0.00020023190256199683,1.691765796963392e+21,2.293671021898617e+16,2.293671021898617e+16,2.17365553825663,342.5,8.00000000000025,1500.0
0.0002002787711346807,1.6917657759194124e+21,2.2957754198104396e+16,2.2957754198104396e+16,2.1793998994478727,342.5,8.000000000000249,1500.0
0.00020032563970736459,1.6917657545456151e+21,2.2979127995496044e+16,2.2979127995496044e+16,2.182232306606089,342.5,8.000000000000249,1500.0
0.00020037250828004846,1.6917657330108877e+21,2.3000662723225252e+16,2.3000662723225252e+16,2.1833262798156268,342.5,8.00000000000025,1500.0
0.0002004751033268139,1.6917656856989807e+21,2.304797463040466e+16,2.304797463040466e+16,2.183631789868514,342.5,8.000000000000252,1500.0
0.00020057769837357936,1.6917656383242853e+21,2.309534932535062e+16,2.309534932535062e+16,2.182708560463032,342.5,8.000000000000249,1500.0
0.0002006802934203448,1.6917655910115222e+21,2.3142662088897556e+16,2.3142662088897556e+16,2.181752804628791,342.5,8.000000000000252,1500.0
0.0002017062438879993,1.691765123599572e+21,2.3610074038704196e+16,2.3610074038704196e+16,2.1738082999732717,342.5,8.000000000000249,1500.0
0.0002027321943556538,1.6917646621348955e+21,2.4071538715127904e+16,2.4071538715127904e+16,2.166178712610007,342.5,8.000000000000249,1500.0
0.000206038813135479,1.6917632260920118e+21,2.550758159892842e+16,2.550758159892842e+16,2.1435916850613626,342.5,8.000000000000249,1500.0
0.00020934543191530422,1.6917618411057054e+21,2.689256790532518e+16,2.689256790532518e+16,2.1233718535424826,342.5,8.000000000000249,1500.0
0.00022504106002216984,1.6917557608795522e+21,3.2972794058604372e+16,3.2972794058604372e+16,2.0486981872092476,342.5,8.000000000000249,1500.0
0.00024073668812903546,1.6917504060469593e+21,3.832762671347478e+16,3.832762671347478e+16,1.996462102176361,342.5,8.000000000000544,1500.0
0.0002564323162359011,1.6917455992970493e+21,4.313437669191674e+16,4.313437669191674e+16,1.95740750634178,342.5,8.000000000000867,1500.0
0.0002785955551851795,1.691739544831983e+21,4.918884172860322e+16,4.918884172860322e+16,1.9161211689672222,342.5,8.000000000000727,1500.0
0.0003007587941344579,1.6917341351846583e+21,5.459848886304729e+16,5.459848886304729e+16,1.8844025291429016,342.5,7.999999999999827,1500.0
0.0003229220330837363,1.691729208843105e+21,5.952483026756189e+16,5.952483026756189e+16,1.8581896068785009,342.5,7.9999999999991225,1500.0
0.0003450852720330147,1.6917246647725552e+21,6.406890085458981e+16,6.406890085458981e+16,1.836301891519348,342.5,7.9999999999993,1500.0
0.00038158675754689246,1.691717916479517e+21,7.081719407978091e+16,7.081719407978091e+16,1.8082019751984983,342.5,8.000000000000185,1500.0
0.00041808824306077024,1.6917119620556642e+21,7.677161777002358e+16,7.677161777002358e+16,1.7869755093798856,342.5,7.999999999999416,1500.0
0.000454589728574648,1.6917066180715e+21,8.211560172966286e+16,8.211560172966286e+16,1.7679537557790195,342.5,7.9999999999984475,1500.0
0.0004910912140885258,1.6917017697337074e+21,8.696393945399509e+16,8.696393945399509e+16,1.7527246888755554,342.5,7.999999999998125,1500.0
0.0005413964074847045,1.6916957941538478e+21,9.293951928215734e+16,9.293951928215734e+16,1.7354932468757063,342.5,7.999999999997976,1500.0
0.0005917016008808832,1.6916905127916583e+21,9.822088147729627e+16,9.822088147729627e+16,1.7213362366475977,342.5,7.999999999998003,1500.0
0.0006420067942770619,1.6916858209480755e+21,1.0291272508287266e+17,1.0291272508287266e+17,1.7095388052560914,342.5,7.999999999998111,1500.0
0.0006923119876732405,1.6916816348960326e+21,1.0709877714956182e+17,1.0709877714956182e+17,1.6996218911463126,342.5,7.999999999998223,1500.0
0.0008059827885525094,1.691673727329047e+21,1.1500634415434213e+17,1.1500634415434213e+17,1.6821769521406305,342.5,7.999999999998313,1500.0
0.0009196535894317783,1.6916674819995552e+21,1.2125167361596299e+17,1.2125167361596299e+17,1.669439008220313,342.5,7.99999999999817,1500.0
0.0010333243903110473,1.6916624842795086e+21,1.2624939366819381e+17,1.2624939366819381e+17,1.6597885365465948,342.5,7.999999999998198,1500.0
0.0011469951911903162,1.6916584585858135e+21,1.3027508742755568e+17,1.3027508742755568e+17,1.6523782133881761,342.5,7.999999999998502,1500.0
0.0013188069170587166,1.691653811787849e+21,1.3492188550243152e+17,1.3492188550243152e+17,1.6442079952016229,342.5,7.999999999999024,1500.0
0.001490618642927117,1.6916504253937783e+21,1.3830827965522914e+17,1.3830827965522914e+17,1.6384716935167356,342.5,7.999999999999412,1500.0
0.0016624303687955172,1.6916479338974557e+21,1.4079977608478805e+17,1.4079977608478805e+17,1.6343299828658517,342.5,7.999999999999917,1500.0
0.0018342420946639176,1.6916460933321846e+21,1.4264034149219448e+17,1.4264034149219448e+17,1.6313465544232784,342.5,8.000000000000561,1500.0
0.0021112014546166864,1.691644108299496e+21,1.4462537441072698e+17,1.4462537441072698e+17,1.6281951808061281,342.5,8.00000000000165,1500.0
0.0021804412946048787,1.6916437366707732e+21,1.4499700314901213e+17,1.4499700314901213e+17,1.627642076889158,342.5,8.000000000001723,1500.0
0.0021977512546019267,1.6916436515846658e+21,1.45082089250935e+17,1.45082089250935e+17,1.6275086445070128,342.5,8.000000000001698,1500.0
0.0021999149996015576,1.6916436411692165e+21,1.4509250469977213e+17,1.4509250469977213e+17,1.6274920922178495,342.5,8.000000000001695,1500.0
0.002199987653258904,1.6916436411786582e+21,1.4509249525759914e+17,1.4509249525759914e+17,1.6186579102231609,342.5,8.000000000001693,1106.1559931539232
0.0022000603069162504,1.6916436428495787e+21,1.4509082433722317e+17,1.4509082433722317e+17,1.5797186668746768,342.5,8.000000000001693,0.0
0.002200109467814435,1.691643645541126e+21,1.45088132789857e+17,1.45088132789857e+17,1.5419244681575572,342.5,8.000000000001693,0.0
0.00220015862871262,1.6916436494738092e+21,1.4508420010623946e+17,1.4508420010623946e+17,1.5070941355589904,342.5,8.000000000001691,0.0
0.0022002077896108047,1.6916436543152228e+21,1.4507935869294934e+17,1.4507935869294934e+17,1.4783632251428065,342.5,8.000000000001693,0.0
0.0022002569505089895,1.6916436597220555e+21,1.4507395186027766e+17,1.4507395186027766e+17,1.4544402262057494,342.5,8.000000000001693,0.0
0.0022003474375243523,1.6916436704374098e+21,1.450632365056638e+17,1.450632365056638e+17,1.416663990319452,342.5,8.000000000001691,0.0
0.002200437924539715,1.6916436819247256e+21,1.4505174919025517e+17,1.4505174919025517e+17,1.3856500791805066,342.5,8.000000000001693,0.0
0.002200528411555078,1.6916436938884228e+21,1.45039785493218e+17,1.45039785493218e+17,1.3594848770840695,342.5,8.000000000001693,0.0
0.00220067995560047,1.6916437145792028e+21,1.4501909471289744e+17,1.4501909471289744e+17,1.323701771574232,342.5,8.000000000001693,0.0
0.002200831499645862,1.691643735647694e+21,1.4499802622177178e+17,1.4499802622177178e+17,1.2946166227533011,342.5,8.000000000001693,0.0
0.002200983043691254,1.6916437568790046e+21,1.4497679491069434e+17,1.4497679491069434e+17,1.270151678119199,342.5,8.00000000000169,0.0
0.002201134587736646,1.691643778181219e+21,1.4495549269629542e+17,1.4495549269629542e+17,1.2491452528408278,342.5,8.00000000000169,0.0
0.002201408929663429,1.691643816810259e+21,1.4491686365638896e+17,1.4491686365638896e+17,1.2173577137247855,342.5,8.00000000000169,0.0
0.002201683271590212,1.6916438554009139e+21,1.4487827300192906e+17,1.4487827300192906e+17,1.1917739998676566,342.5,8.000000000001693,0.0
0.002201957613516995,1.6916438938562118e+21,1.448398177036208e+17,1.448398177036208e+17,1.1705053446408458,342.5,8.000000000001691,0.0
0.002202390190151791,1.6916439541377052e+21,1.4477953620996224e+17,1.4477953620996224e+17,1.1432138284120212,342.5,8.00000000000169,0.0
0.0022028227667865866,1.6916440139428874e+21,1.4471973102767974e+17,1.4471973102767974e+17,1.1208704126816833,342.5,8.00000000000169,0.0
0.0022032553434213824,1.6916440732981382e+21,1.446603757769862e+17,1.446603757769862e+17,1.1019067433317111,342.5,8.00000000000169,0.0
0.002203687920056178,1.6916441322435083e+21,1.446014304063371e+17,1.446014304063371e+17,1.085507691018737,342.5,8.000000000001688,0.0
0.0022045275716893933,1.6916442456228878e+21,1.444880510267362e+17,1.444880510267362e+17,1.0587056414516707,342.5,8.000000000001686,0.0
0.0022053672233226084,1.6916443577463068e+21,1.4437592760731382e+17,1.4437592760731382e+17,1.0370601139081428,342.5,8.000000000001686,0.0
0.0022062068749558236,1.691644468761793e+21,1.4426491212094848e+17,1.4426491212094848e+17,1.0189647211879083,342.5,8.000000000001682,0.0
0.0022077838317880977,1.6916446746590805e+21,1.4405901483224859e+17,1.4405901483224859e+17,0.9917139653415412,342.5,8.000000000001677,0.0
0.0022093607886203718,1.6916448776868064e+21,1.4385598710632136e+17,1.4385598710632136e+17,0.9696379156705633,342.5,8.000000000001677,0.0
0.002210937745452646,1.6916450782556675e+21,1.4365541824479147e+17,1.4365541824479147e+17,0.9508118330649054,342.5,8.000000000001677,0.0
0.00221251470228492,1.691645276631397e+21,1.4345704251422792e+17,1.4345704251422792e+17,0.9344257594817024,342.5,8.000000000001672,0.0
0.002215154799365141,1.691645604456533e+21,1.4312921737752965e+17,1.4312921737752965e+17,0.9108577872895246,342.5,8.000000000001668,0.0
0.002217794896445362,1.6916459273737897e+21,1.4280630012022234e+17,1.4280630012022234e+17,0.8909486962487879,342.5,8.000000000001664,0.0
0.002220434993525583,1.6916462459001653e+21,1.42487773743479e+17,1.42487773743479e+17,0.8735613206488148,342.5,8.00000000000166,0.0
0.002224705257404121,1.6916467527116144e+21,1.419809622930022e+17,1.419809622930022e+17,0.8492378665255096,342.5,8.000000000001652,0.0
0.002228975521282659,1.6916472502403927e+21,1.414834335133706e+17,1.414834335133706e+17,0.8279093763237849,342.5,8.000000000001647,0.0
0.0022332457851611974,1.6916477393011647e+21,1.4099437273975429e+17,1.4099437273975429e+17,0.8086065239459655,342.5,8.00000000000164,0.0
0.0022375160490397355,1.6916482204314003e+21,1.4051324250305597e+17,1.4051324250305597e+17,0.7908417288343211,342.5,8.000000000001634,0.0
0.0022462229894214592,1.6916491787989866e+21,1.3955487491340432e+17,1.3955487491340432e+17,0.7578582658299374,342.5,8.000000000001618,0.0
0.002254929929803183,1.6916501082885705e+21,1.386253853264306e+17,1.386253853264306e+17,0.7283202047165838,342.5,8.000000000001604,0.0
0.0022636368701849066,1.6916510107890106e+21,1.3772288488386642e+17,1.3772288488386642e+17,0.7012331068846512,342.5,8.000000000001592,0.0
0.002279538174413694,1.6916525938387308e+21,1.3613983515833323e+17,1.3613983515833323e+17,0.6565863069435043,342.5,8.000000000001567,0.0
0.002295439478642482,1.6916540989371455e+21,1.3463473673786616e+17,1.3463473673786616e+17,0.6162732674431798,342.5,8.000000000001538,0.0
0.0023113407828712694,1.6916555315993117e+21,1.3320207456683184e+17,1.3320207456683184e+17,0.5793853643130756,342.5,8.000000000001517,0.0
0.002327242087100057,1.6916568963078737e+21,1.3183736599987835e+17,1.3183736599987835e+17,0.5455494866369829,342.5,8.000000000001492,0.0
0.00235503238852678,1.6916591333470343e+21,1.2960032683012656e+17,1.2960032683012656e+17,0.4926724771207558,342.5,8.00000000000145,0.0
0.0023828226899535033,1.6916611959195005e+21,1.275377543555835e+17,1.275377543555835e+17,0.4468732932715256,342.5,8.00000000000141,0.0
0.0024106129913802265,1.6916631019551895e+21,1.2563171865856478e+17,1.2563171865856478e+17,0.4069965043406571,342.5,8.000000000001373,0.0
0.00245673363220396,1.6916659606342882e+21,1.22773039546862e+17,1.22773039546862e+17,0.35164259121900193,342.5,8.000000000001311,0.0
0.002502854273027694,1.6916684959485822e+21,1.2023772523998691e+17,1.2023772523998691e+17,0.30664929232421856,342.5,8.00000000000125,0.0
0.0025489749138514275,1.6916707610020956e+21,1.1797267171403843e+17,1.1797267171403843e+17,0.2694627405003381,342.5,8.00000000000119,0.0
0.0025950955546751612,1.6916727973073359e+21,1.1593636646098464e+17,1.1593636646098464e+17,0.23837608104119526,342.5,8.00000000000113,0.0
0.0026,1.691673001806893e+21,1.1573186690253064e+17,1.1573186690253064e+17,0.23538191393475108,342.5,8.000000000001123,0.0
