time_s,step_id,self_bias_V,plasma_potential_V,total_absorbed_power_W,electron_density_m3,mean_electron_energy_eV,ne_plasma_m3,mean_energy_plasma_eV,pabs_plasma_W,Tg_plasma_K,pressure_plasma_Pa,total_density_plasma_m3,electronegativity_plasma,residence_time_plasma_s,debye_length_plasma_m,EoverN_plasma_Td,ion_loss_family_plasma,ion_loss_area_plasma_m2,ion_loss_h_factor_plasma,ion_loss_characteristic_length_plasma_m,ambipolar_loss_rate_plasma_s,warning_high_electronegativity_plasma,warning_ion_ion_afterglow_plasma,warning_pressure_deviation_plasma,warning_debye_ratio_plasma
0.0,transient,-0.0,0.0,0.0,1000000.0,3.0000000000000004,1000000.0,3.0000000000000004,0.0,300.0,103548.675,2.5e+25,0.0,inf,12.875965235341129,20.0,disabled,0.0,0.0,0.0,0.0,0,0,0,0
3.768844221105528e-09,transient,-0.0,0.0,0.0,1227280.5252868203,2.4444289126961323,1227280.5252868203,2.4444289126961323,0.0,300.0,103548.675,2.5e+25,0.0,inf,10.491460566712703,20.0,disabled,0.0,0.0,0.0,0.0,0,0,0,0
7.537688442211056e-09,transient,-0.0,0.0,0.0,1506217.2599814185,1.9917445375954659,1506217.2599814185,1.9917445375954659,0.0,300.0,103548.675,2.5e+25,0.0,inf,8.548544474586603,20.0,disabled,0.0,0.0,0.0,0.0,0,0,0,0
1.1306532663316583e-08,transient,-0.0,0.0,0.0,1848550.7938403513,1.6228929223889603,1848550.7938403513,1.6228929223889603,0.0,300.0,103548.675,2.5e+25,0.0,inf,6.965437616453806,20.0,disabled,0.0,0.0,0.0,0.0,0,0,0,0
1.507537688442211e-08,transient,-0.0,0.0,0.0,2268690.0140115716,1.32234901263364,2268690.0140115716,1.32234901263364,0.0,300.0,103548.675,2.5e+25,0.0,inf,5.675506638552804,20.0,disabled,0.0,0.0,0.0,0.0,0,0,0,0
1.884422110552764e-08,transient,-0.0,0.0,0.0,2784318.612517893,1.0774628975694216,2784318.612517893,1.0774628975694216,0.0,300.0,103548.675,2.5e+25,0.0,inf,4.624458270491263,20.0,disabled,0.0,0.0,0.0,0.0,0,0,0,0
2.2613065326633166e-08,transient,-0.0,0.0,0.0,3417139.4452667534,0.8779272979788538,3417139.4452667534,0.8779272979788538,0.0,300.0,103548.675,2.5e+25,0.0,inf,3.768053789310897,20.0,disabled,0.0,0.0,0.0,0.0,0,0,0,0
2.6381909547738694e-08,transient,-0.0,0.0,0.0,4193788.003620411,0.7153437411261995,4193788.003620411,0.7153437411261995,0.0,300.0,103548.675,2.5e+25,0.0,inf,3.070247047353269,20.0,disabled,0.0,0.0,0.0,0.0,0,0,0,0
3.015075376884422e-08,transient,-0.0,0.0,0.0,5146953.496152593,0.5828690704593571,5146953.496152593,0.5828690704593571,0.0,300.0,103548.675,2.5e+25,0.0,inf,2.50166729599676,20.0,disabled,0.0,0.0,0.0,0.0,0,0,0,0
3.391959798994975e-08,transient,-0.0,0.0,0.0,6316754.748044143,0.4749274144178053,6316754.748044143,0.4749274144178053,0.0,300.0,103548.675,2.5e+25,0.0,inf,2.0383829591180365,20.0,disabled,0.0,0.0,0.0,0.0,0,0,0,0
3.768844221105528e-08,transient,-0.0,0.0,0.0,7752428.805501704,0.38697549829428624,7752428.805501704,0.38697549829428624,0.0,300.0,103548.675,2.5e+25,0.0,inf,1.660894354322013,20.0,disabled,0.0,0.0,0.0,0.0,0,0,0,0
4.1457286432160806e-08,transient,-0.0,0.0,0.0,9514403.329762002,0.31531141743967284,9514403.329762002,0.31531141743967284,0.0,300.0,103548.675,2.5e+25,0.0,inf,1.3533129497531204,20.0,disabled,0.0,0.0,0.0,0.0,0,0,0,0
4.522613065326633e-08,transient,-0.0,0.0,0.0,11676839.99459598,0.25691882404729316,11676839.99459598,0.25691882404729316,0.0,300.0,103548.675,2.5e+25,0.0,inf,1.1026926155792236,20.0,disabled,0.0,0.0,0.0,0.0,0,0,0,0
4.8994974874371863e-08,transient,-0.0,0.0,0.0,14330755.95841147,0.20933996843614822,14330755.95841147,0.20933996843614822,0.0,300.0,103548.675,2.5e+25,0.0,inf,0.8984847186504178,20.0,disabled,0.0,0.0,0.0,0.0,0,0,0,0
5.276381909547739e-08,transient,-0.0,0.0,0.0,17587854.79706147,0.1705722519668079,17587854.79706147,0.1705722519668079,0.0,300.0,103548.675,2.5e+25,0.0,inf,0.732094128812822,20.0,disabled,0.0,0.0,0.0,0.0,0,0,0,0
5.653266331658292e-08,transient,-0.0,0.0,0.0,21585228.112674657,0.13898393773464113,21585228.112674657,0.13898393773464113,0.0,300.0,103548.675,2.5e+25,0.0,inf,0.596517450180685,20.0,disabled,0.0,0.0,0.0,0.0,0,0,0,0
6.030150753768845e-08,transient,-0.0,0.0,0.0,26491125.74186214,0.1132454705486261,26491125.74186214,0.1132454705486261,0.0,300.0,103548.675,2.5e+25,0.0,inf,0.48604824728131907,20.0,disabled,0.0,0.0,0.0,0.0,0,0,0,0
6.407035175879397e-08,transient,-0.0,0.0,0.0,32512037.35595831,0.09227351602590989,32512037.35595831,0.09227351602590989,0.0,300.0,103548.675,2.5e+25,0.0,inf,0.39603686149743605,20.0,disabled,0.0,0.0,0.0,0.0,0,0,0,0
6.78391959798995e-08,transient,-0.0,0.0,0.0,39901383.69843426,0.07518536255968788,39901383.69843426,0.07518536255968788,0.0,300.0,103548.675,2.5e+25,0.0,inf,0.3226947048416865,20.0,disabled,0.0,0.0,0.0,0.0,0,0,0,0
7.160804020100504e-08,transient,-0.0,0.0,0.0,48970183.06132917,0.061261768130269526,48970183.06132917,0.061261768130269526,0.0,300.0,103548.675,2.5e+25,0.0,inf,0.26293479890029314,20.0,disabled,0.0,0.0,0.0,0.0,0,0,0,0
7.537688442211056e-08,transient,-0.0,0.0,0.0,60100142.10697881,0.04991668729601292,60100142.10697881,0.04991668729601292,0.0,300.0,103548.675,2.5e+25,0.0,inf,0.21424184342895217,20.0,disabled,0.0,0.0,0.0,0.0,0,0,0,0
7.914572864321609e-08,transient,-0.0,0.0,0.0,73759721.82351731,0.04067260458462697,73759721.82351731,0.04067260458462697,0.0,300.0,103548.675,2.5e+25,0.0,inf,0.17456634755414432,20.0,disabled,0.0,0.0,0.0,0.0,0,0,0,0
8.291457286432161e-08,transient,-0.0,0.0,0.0,90523855.20668001,0.03314043566914527,90523855.20668001,0.03314043566914527,0.0,300.0,103548.675,2.5e+25,0.0,inf,0.14223836585332453,20.0,disabled,0.0,0.0,0.0,0.0,0,0,0,0
8.668341708542714e-08,transient,-0.0,0.0,0.0,111098146.22865544,0.027003150834088472,111098146.22865544,0.027003150834088472,0.0,300.0,103548.675,2.5e+25,0.0,inf,0.11589721046146531,20.0,disabled,0.0,0.0,0.0,0.0,0,0,0,0
9.045226130653266e-08,transient,-0.0,0.0,0.0,136348568.80917084,0.02200243116741992,136348568.80917084,0.02200243116741992,0.0,300.0,103548.675,2.5e+25,0.0,inf,0.09443417960156167,20.0,disabled,0.0,0.0,0.0,0.0,0,0,0,0
9.42211055276382e-08,transient,-0.0,0.0,0.0,167337915.60802302,0.017927795915823906,167337915.60802302,0.017927795915823906,0.0,300.0,103548.675,2.5e+25,0.0,inf,0.07694589231947975,20.0,disabled,0.0,0.0,0.0,0.0,0,0,0,0
9.798994974874373e-08,transient,-0.0,0.0,0.0,205370531.09076354,0.014607743302149565,205370531.09076354,0.014607743302149565,0.0,300.0,103548.675,2.5e+25,0.0,inf,0.06269626497508834,20.0,disabled,0.0,0.0,0.0,0.0,0,0,0,0
1.0175879396984925e-07,transient,-0.0,0.0,0.0,252047211.6678142,0.011902531990529822,252047211.6678142,0.011902531990529822,0.0,300.0,103548.675,2.5e+25,0.0,inf,0.051085529374199204,20.0,disabled,0.0,0.0,0.0,0.0,0,0,0,0
1.0552763819095478e-07,transient,-0.0,0.0,0.0,309332583.30253744,0.009698299377230175,309332583.30253744,0.009698299377230175,0.0,300.0,103548.675,2.5e+25,0.0,inf,0.04162498854104874,20.0,disabled,0.0,0.0,0.0,0.0,0,0,0,0
1.092964824120603e-07,transient,-0.0,0.0,0.0,379637792.91121614,0.007902269099698392,379637792.91121614,0.007902269099698392,0.0,300.0,103548.675,2.5e+25,0.0,inf,0.03391644740267564,20.0,disabled,0.0,0.0,0.0,0.0,0,0,0,0
1.1306532663316584e-07,transient,-0.0,0.0,0.0,465921993.0857465,0.006438846082648628,465921993.0857465,0.006438846082648628,0.0,300.0,103548.675,2.5e+25,0.0,inf,0.02763545277196538,20.0,disabled,0.0,0.0,0.0,0.0,0,0,0,0
1.1683417085427137e-07,transient,-0.0,0.0,0.0,571816894.0319011,0.005246434708927353,571816894.0319011,0.005246434708927353,0.0,300.0,103548.675,2.5e+25,0.0,inf,0.022517636973878548,20.0,disabled,0.0,0.0,0.0,0.0,0,0,0,0
1.206030150753769e-07,transient,-0.0,0.0,0.0,701779622.2257196,0.004274846269382105,701779622.2257196,0.004274846269382105,0.0,300.0,103548.675,2.5e+25,0.0,inf,0.018347590650330564,20.0,disabled,0.0,0.0,0.0,0.0,0,0,0,0
1.2437185929648243e-07,transient,-0.0,0.0,0.0,861280321.7608359,0.003483186512222502,861280321.7608359,0.003483186512222502,0.0,300.0,103548.675,2.5e+25,0.0,inf,0.014949796146528681,20.0,disabled,0.0,0.0,0.0,0.0,0,0,0,0
1.2814070351758794e-07,transient,-0.0,0.0,0.0,1057032391.5535786,0.0028381344072065146,1057032391.5535786,0.0028381344072065146,0.0,300.0,103548.675,2.5e+25,0.0,inf,0.012181239986805526,20.0,disabled,0.0,0.0,0.0,0.0,0,0,0,0
1.3190954773869348e-07,transient,-0.0,0.0,0.0,1297275054.6621704,0.002312539649335387,1297275054.6621704,0.002312539649335387,0.0,300.0,103548.675,2.5e+25,0.0,inf,0.009925393376730134,20.0,disabled,0.0,0.0,0.0,0.0,0,0,0,0
1.35678391959799e-07,transient,-0.0,0.0,0.0,1592120147.6758285,0.001884279904616112,1592120147.6758285,0.001884279904616112,0.0,300.0,103548.675,2.5e+25,0.0,inf,0.008087307515162985,20.0,disabled,0.0,0.0,0.0,0.0,0,0,0,0
1.3944723618090453e-07,transient,-0.0,0.0,0.0,1953977729.397122,0.0015353296789752137,1953977729.397122,0.0015353296789752137,0.0,300.0,103548.675,2.5e+25,0.0,inf,0.006589617190424102,20.0,disabled,0.0,0.0,0.0,0.0,0,0,0,0
1.4321608040201007e-07,transient,-0.0,0.0,0.0,2398078419.3599615,0.0012510016252098583,2398078419.3599615,0.0012510016252098583,0.0,300.0,103548.67500000003,2.5000000000000005e+25,0.0,inf,0.005369284478519129,20.0,disabled,0.0,0.0,0.0,0.0,0,0,0,0
1.4698492462311558e-07,transient,-0.0,0.0,0.0,2943114456.624489,0.001019328349003713,2943114456.624489,0.001019328349003713,0.0,300.0,103548.67500000003,2.5000000000000005e+25,0.0,inf,0.004374945461723159,20.0,disabled,0.0,0.0,0.0,0.0,0,0,0,0
1.5075376884422112e-07,transient,-0.0,0.0,0.0,3612026459.929603,0.0008305586997439849,3612026459.929603,0.0008305586997439849,0.0,300.0,103548.67500000003,2.5000000000000005e+25,0.0,inf,0.003911503350017279,20.0,disabled,0.0,0.0,0.0,0.0,0,0,0,0
1.5452261306532663e-07,transient,-0.0,0.0,0.0,4432968999.735017,0.0006767473447658504,4432968999.735017,0.0006767473447658504,0.0,300.0,103548.67500000003,2.5000000000000005e+25,0.0,inf,0.0035307894557797368,20.0,disabled,0.0,0.0,0.0,0.0,0,0,0,0
1.5829145728643217e-07,transient,-0.0,0.0,0.0,5440495627.843485,0.0005514203493973115,5440495627.843485,0.0005514203493973115,0.0,300.0,103548.67500000003,2.5000000000000005e+25,0.0,inf,0.0031871311519460358,20.0,disabled,0.0,0.0,0.0,0.0,0,0,0,0
1.620603015075377e-07,transient,-0.0,0.0,0.0,6677013230.716193,0.00044930268914237457,6677013230.716193,0.00044930268914237457,0.0,300.0,103548.67500000005,2.500000000000001e+25,0.0,inf,0.002876921750595762,20.0,disabled,0.0,0.0,0.0,0.0,0,0,0,0
1.6582914572864322e-07,transient,-0.0,0.0,0.0,8194566951.983974,0.00036609622175015296,8194566951.983974,0.00036609622175015296,0.0,300.0,103548.67500000005,2.500000000000001e+25,0.0,inf,0.002596905607356629,20.0,disabled,0.0,0.0,0.0,0.0,0,0,0,0
1.6959798994974876e-07,transient,-0.0,0.0,0.0,10057030772.323706,0.0002982987790248992,10057030772.323706,0.0002982987790248992,0.0,300.0,103548.67500000005,2.500000000000001e+25,0.0,inf,0.002344143956027069,20.0,disabled,0.0,0.0,0.0,0.0,0,0,0,0
1.7336683417085427e-07,transient,-0.0,0.0,0.0,12342795978.20804,0.0002430567600158573,12342795978.20804,0.0002430567600158573,0.0,300.0,103548.67500000006,2.5000000000000014e+25,0.0,inf,0.0021159840655394628,20.0,disabled,0.0,0.0,0.0,0.0,0,0,0,0
1.771356783919598e-07,transient,-0.0,0.0,0.0,15148070633.90132,0.00019804502319166725,15148070633.90132,0.00019804502319166725,0.0,300.0,103548.67500000008,2.500000000000002e+25,0.0,inf,0.0019100314018201162,20.0,disabled,0.0,0.0,0.0,0.0,0,0,0,0
1.8090452261306533e-07,transient,-0.0,0.0,0.0,18590929013.802864,0.00016136902022339205,18590929013.802864,0.00016136902022339205,0.0,300.0,103548.67500000008,2.500000000000002e+25,0.0,inf,0.0017241244940760004,20.0,disabled,0.0,0.0,0.0,0.0,0,0,0,0
1.8467336683417086e-07,transient,-0.0,0.0,0.0,22816281354.649017,0.00013148505461380646,22816281354.649017,0.00013148505461380646,0.0,300.0,103548.67500000009,2.5000000000000023e+25,0.0,inf,0.0015563122514019193,20.0,disabled,0.0,0.0,0.0,0.0,0,0,0,0
1.884422110552764e-07,transient,-0.0,0.0,0.0,28001973149.172447,0.00010713530735917659,28001973149.172447,0.00010713530735917659,0.0,300.0,103548.67500000013,2.500000000000003e+25,0.0,inf,0.0014048334860398185,20.0,disabled,0.0,0.0,0.0,0.0,0,0,0,0
1.9221105527638191e-07,transient,-0.0,0.0,0.0,34366270648.44098,8.729489535507964e-05,34366270648.44098,8.729489535507964e-05,0.0,300.0,103548.67500000016,2.5000000000000036e+25,0.0,inf,0.0012680984306001999,20.0,disabled,0.0,0.0,0.0,0.0,0,0,0,0
1.9597989949748745e-07,transient,-0.0,0.0,0.0,42177047720.73456,7.112873380478874e-05,42177047720.73456,7.112873380478874e-05,0.0,300.0,103548.67500000016,2.5000000000000036e+25,0.0,inf,0.00114467205260067,20.0,disabled,0.0,0.0,0.0,0.0,0,0,0,0
1.9974874371859297e-07,transient,-0.0,0.0,0.0,51763060713.96492,5.795638740486309e-05,51763060713.96492,5.795638740486309e-05,0.0,300.0,103548.67500000013,2.500000000000003e+25,0.0,inf,0.0010332589935573983,20.0,disabled,0.0,0.0,0.0,0.0,0,0,0,0
2.035175879396985e-07,transient,-0.0,0.0,0.0,63527785832.00753,4.722343082967161e-05,63527785832.00753,4.722343082967161e-05,0.0,300.0,103548.6750000001,2.5000000000000027e+25,0.0,inf,0.0009326899746625528,20.0,disabled,0.0,0.0,0.0,0.0,0,0,0,0
2.0728643216080404e-07,transient,-0.0,0.0,0.0,77966401494.77885,3.847811291125063e-05,77966401494.77885,3.847811291125063e-05,0.0,300.0,103548.67500000009,2.5000000000000023e+25,0.0,inf,0.0008419095251991924,20.0,disabled,0.0,0.0,0.0,0.0,0,0,0,0
2.1105527638190956e-07,transient,-0.0,0.0,0.0,95686630326.38571,3.135234243035881e-05,95686630326.38571,3.135234243035881e-05,0.0,300.0,103548.6750000001,2.5000000000000027e+25,0.0,inf,0.0007599649059081611,20.0,disabled,0.0,0.0,0.0,0.0,0,0,0,0
2.148241206030151e-07,transient,-0.0,0.0,0.0,117434318428.63371,2.554619501473189e-05,117434318428.63371,2.554619501473189e-05,0.0,300.0,103548.6750000001,2.5000000000000027e+25,0.0,inf,0.0006859961088822231,20.0,disabled,0.0,0.0,0.0,0.0,0,0,0,0
2.185929648241206e-07,transient,-0.0,0.0,0.0,144124828039.8436,2.081528936270886e-05,144124828039.8436,2.081528936270886e-05,0.0,300.0,103548.6750000001,2.5000000000000027e+25,0.0,inf,0.0006192268324488184,20.0,disabled,0.0,0.0,0.0,0.0,0,0,0,0
2.2236180904522614e-07,transient,-0.0,0.0,0.0,176881565313.61942,1.6960501195706052e-05,176881565313.61942,1.6960501195706052e-05,0.0,300.0,103548.67500000009,2.5000000000000023e+25,0.0,inf,0.0005589563337006359,20.0,disabled,0.0,0.0,0.0,0.0,0,0,0,0
2.2613065326633168e-07,transient,-0.0,0.0,0.0,217083264221.77203,1.3819582134784942e-05,217083264221.77203,1.3819582134784942e-05,0.0,300.0,103548.6750000001,2.5000000000000027e+25,0.0,inf,0.0005045520748121918,20.0,disabled,0.0,0.0,0.0,0.0,0,0,0,0
2.298994974874372e-07,transient,-0.0,0.0,0.0,266422017974.05743,1.1260330594343451e-05,266422017974.05743,1.1260330594343451e-05,0.0,300.0,103548.6750000001,2.5000000000000027e+25,0.0,inf,0.0004554430837165085,20.0,disabled,0.0,0.0,0.0,0.0,0,0,0,0
2.3366834170854273e-07,transient,-0.0,0.0,0.0,326974499278.9287,9.175027430627922e-06,326974499278.9287,9.175027430627922e-06,0.0,300.0,103548.6750000001,2.5000000000000027e+25,0.0,inf,0.000411113962105428,20.0,disabled,0.0,0.0,0.0,0.0,0,0,0,0
2.3743718592964825e-07,transient,-0.0,0.0,0.0,401289367797.5904,7.475902031656105e-06,401289367797.5904,7.475902031656105e-06,0.0,300.0,103548.6750000001,2.5000000000000027e+25,0.0,inf,0.00037109947630224684,20.0,disabled,0.0,0.0,0.0,0.0,0,0,0,0
2.412060301507538e-07,transient,-0.0,0.0,0.0,492494542960.4793,6.091438053234912e-06,492494542960.4793,6.091438053234912e-06,0.0,300.0,103548.6750000001,2.5000000000000027e+25,0.0,inf,0.00033497967488162325,20.0,disabled,0.0,0.0,0.0,0.0,0,0,0,0
2.449748743718593e-07,transient,-0.0,0.0,0.0,604428858561.2552,4.963363276765132e-06,604428858561.2552,4.963363276765132e-06,0.0,300.0,103548.67500000009,2.5000000000000023e+25,0.0,inf,0.0003023754810295483,20.0,disabled,0.0,0.0,0.0,0.0,0,0,0,0
2.4874371859296486e-07,transient,-0.0,0.0,0.0,741803639889.133,4.044196925817684e-06,741803639889.133,4.044196925817684e-06,0.0,300.0,103548.67500000009,2.5000000000000023e+25,0.0,inf,0.00027294471408967965,20.0,disabled,0.0,0.0,0.0,0.0,0,0,0,0
2.5251256281407035e-07,transient,-0.0,0.0,0.0,910401003636.2938,3.295251200314475e-06,910401003636.2938,3.295251200314475e-06,0.0,300.0,103548.67500000008,2.500000000000002e+25,0.0,inf,0.00024637849849026204,20.0,disabled,0.0,0.0,0.0,0.0,0,0,0,0
2.562814070351759e-07,transient,-0.0,0.0,0.0,1117317227597.636,2.6850029032939507e-06,1117317227597.636,2.6850029032939507e-06,0.0,300.0,103548.67500000008,2.500000000000002e+25,0.0,inf,0.00022239802210601302,20.0,disabled,0.0,0.0,0.0,0.0,0,0,0,0
2.600502512562814e-07,transient,-0.0,0.0,0.0,1371261431874.6755,2.1877666287883904e-06,1371261431874.6755,2.1877666287883904e-06,0.0,300.0,103548.67500000008,2.500000000000002e+25,0.0,inf,0.00020075161024330117,20.0,disabled,0.0,0.0,0.0,0.0,0,0,0,0
2.6381909547738696e-07,transient,-0.0,0.0,0.0,1682922148499.5083,1.7826136536825529e-06,1682922148499.5083,1.7826136536825529e-06,0.0,300.0,103548.67500000009,2.5000000000000023e+25,0.0,inf,0.0001812120840405188,20.0,disabled,0.0,0.0,0.0,0.0,0,0,0,0
2.675879396984925e-07,transient,-0.0,0.0,0.0,2065417201141.0667,1.4524910504001862e-06,2065417201141.0667,1.4524910504001862e-06,0.0,300.0,103548.67500000009,2.5000000000000023e+25,0.0,inf,0.00016357437639559938,20.0,disabled,0.0,0.0,0.0,0.0,0,0,0,0
2.71356783919598e-07,transient,-0.0,0.0,0.0,2534845836048.0063,1.1835039264861963e-06,2534845836048.0063,1.1835039264861963e-06,0.0,300.0,103548.67500000008,2.500000000000002e+25,0.0,inf,0.00014765337973776126,20.0,disabled,0.0,0.0,0.0,0.0,0,0,0,0
2.7512562814070353e-07,transient,-0.0,0.0,0.0,3110966334114.94,9.643305898562513e-07,3110966334114.94,9.643305898562513e-07,0.0,300.0,103548.67500000009,2.5000000000000023e+25,0.0,inf,0.0001332820034889298,20.0,disabled,0.0,0.0,0.0,0.0,0,0,0,0
2.7889447236180907e-07,transient,-0.0,0.0,0.0,3818027642402.978,7.857460136438064e-07,3818027642402.978,7.857460136438064e-07,0.0,300.0,103548.67500000009,2.5000000000000023e+25,0.0,inf,0.00012030942021992544,20.0,disabled,0.0,0.0,0.0,0.0,0,0,0,0
2.826633165829146e-07,transient,-0.0,0.0,0.0,4685790009923.748,6.402335558457557e-07,4685790009923.748,6.402335558457557e-07,0.0,300.0,103548.6750000001,2.5000000000000027e+25,0.0,inf,0.00010859948281575458,20.0,disabled,0.0,0.0,0.0,0.0,0,0,0,0
2.8643216080402014e-07,transient,-0.0,0.0,0.0,5750777596383.762,5.216685830254465e-07,5750777596383.762,5.216685830254465e-07,0.0,300.0,103548.6750000001,2.5000000000000027e+25,0.0,inf,9.802929560291723e-05,20.0,disabled,0.0,0.0,0.0,0.0,0,0,0,0
2.9020100502512563e-07,transient,-0.0,0.0,0.0,7057815762943.924,4.2506068460317165e-07,7057815762943.924,4.2506068460317165e-07,0.0,300.0,103548.6750000001,2.5000000000000027e+25,0.0,inf,8.848792462801639e-05,20.0,disabled,0.0,0.0,0.0,0.0,0,0,0,0
2.9396984924623117e-07,transient,-0.0,0.0,0.0,8661917768701.292,3.4634362506188966e-07,8661917768701.292,3.4634362506188966e-07,0.0,300.0,103548.6750000001,2.5000000000000027e+25,0.0,inf,7.987523333357565e-05,20.0,disabled,0.0,0.0,0.0,0.0,0,0,0,0
2.977386934673367e-07,transient,-0.0,0.0,0.0,10630600271431.88,2.822041957557226e-07,10630600271431.88,2.822041957557226e-07,0.0,300.0,103548.67500000009,2.5000000000000023e+25,0.0,inf,7.210083161923678e-05,20.0,disabled,0.0,0.0,0.0,0.0,0,0,0,0
3.0150753768844224e-07,transient,-0.0,0.0,0.0,13046725083871.584,2.2994276193560733e-07,13046725083871.584,2.2994276193560733e-07,0.0,300.0,103548.6750000001,2.5000000000000027e+25,0.0,inf,6.508312722492474e-05,20.0,disabled,0.0,0.0,0.0,0.0,0,0,0,0
3.052763819095478e-07,transient,-0.0,0.0,0.0,16011986796618.3,1.8735963488513458e-07,16011986796618.3,1.8735963488513458e-07,0.0,300.0,103548.67500000008,2.500000000000002e+25,0.0,inf,5.8748469426112925e-05,20.0,disabled,0.0,0.0,0.0,0.0,0,0,0,0
3.0904522613065327e-07,transient,-0.0,0.0,0.0,19651193036149.42,1.5266248692796103e-07,19651193036149.42,1.5266248692796103e-07,0.0,300.0,103548.67500000008,2.500000000000002e+25,0.0,inf,5.3030376095018707e-05,20.0,disabled,0.0,0.0,0.0,0.0,0,0,0,0
3.128140703517588e-07,transient,-0.0,0.0,0.0,24117517575318.36,1.2439091173588164e-07,24117517575318.36,1.2439091173588164e-07,0.0,300.0,103548.67500000006,2.5000000000000014e+25,0.0,inf,4.786883590325157e-05,20.0,disabled,0.0,0.0,0.0,0.0,0,0,0,0
3.1658291457286435e-07,transient,-0.0,0.0,0.0,29598947288239.188,1.0135495599845259e-07,29598947288239.188,1.0135495599845259e-07,0.0,300.0,103548.67500000008,2.500000000000002e+25,0.0,inf,4.320967854612957e-05,20.0,disabled,0.0,0.0,0.0,0.0,0,0,0,0
3.203517587939699e-07,transient,-0.0,0.0,0.0,36326194360873.336,8.258503409956087e-08,36326194360873.336,8.258503409956087e-08,0.0,300.0,103548.67500000008,2.500000000000002e+25,0.0,inf,3.900400621223555e-05,20.0,disabled,0.0,0.0,0.0,0.0,0,0,0,0
3.241206030150754e-07,transient,-0.0,0.0,0.0,44582406616191.34,6.72911183513917e-08,44582406616191.34,6.72911183513917e-08,0.0,300.0,103548.67500000008,2.500000000000002e+25,0.0,inf,3.5207680445425466e-05,20.0,disabled,0.0,0.0,0.0,0.0,0,0,0,0
3.278894472361809e-07,transient,-0.0,0.0,0.0,54715084874257.33,5.4829486363667465e-08,54715084874257.33,5.4829486363667465e-08,0.0,300.0,103548.67500000009,2.5000000000000023e+25,0.0,inf,3.178085884975707e-05,20.0,disabled,0.0,0.0,0.0,0.0,0,0,0,0
3.3165829145728645e-07,transient,-0.0,0.0,0.0,67150708601968.05,4.4675626846804065e-08,67150708601968.05,4.4675626846804065e-08,0.0,300.0,103548.6750000001,2.5000000000000027e+25,0.0,inf,2.868757697132068e-05,20.0,disabled,0.0,0.0,0.0,0.0,0,0,0,0
3.35427135678392e-07,transient,-0.0,0.0,0.0,82412685495750.5,3.640216287035922e-08,82412685495750.5,3.640216287035922e-08,0.0,300.0,103548.67500000008,2.500000000000002e+25,0.0,inf,2.589537084824879e-05,20.0,disabled,0.0,0.0,0.0,0.0,0,0,0,0
3.391959798994975e-07,transient,-0.0,0.0,0.0,101143380133821.39,2.966086357832556e-08,101143380133821.39,2.966086357832556e-08,0.0,300.0,103548.67500000008,2.500000000000002e+25,0.0,inf,2.3374936320447943e-05,20.0,disabled,0.0,0.0,0.0,0.0,0,0,0,0
3.4296482412060306e-07,transient,-0.0,0.0,0.0,124131148940930.9,2.416798704914575e-08,124131148940930.9,2.416798704914575e-08,0.0,300.0,103548.6750000001,2.5000000000000027e+25,0.0,inf,2.1099821461691654e-05,20.0,disabled,0.0,0.0,0.0,0.0,0,0,0,0
3.4673366834170855e-07,transient,-0.0,0.0,0.0,152343518791833.28,1.96923375788588e-08,152343518791833.28,1.96923375788588e-08,0.0,300.0,103548.67500000009,2.5000000000000023e+25,0.0,inf,1.904614896661704e-05,20.0,disabled,0.0,0.0,0.0,0.0,0,0,0,0
3.505025125628141e-07,transient,-0.0,0.0,0.0,186967905111354.16,1.604553465052338e-08,186967905111354.16,1.604553465052338e-08,0.0,300.0,103548.6750000001,2.5000000000000027e+25,0.0,inf,1.7192365564944127e-05,20.0,disabled,0.0,0.0,0.0,0.0,0,0,0,0
3.542713567839196e-07,transient,-0.0,0.0,0.0,229461582459504.6,1.3074083983228176e-08,229461582459504.6,1.3074083983228176e-08,0.0,300.0,103548.6750000001,2.5000000000000027e+25,0.0,inf,1.5519015822306276e-05,20.0,disabled,0.0,0.0,0.0,0.0,0,0,0,0
3.5804020100502517e-07,transient,-0.0,0.0,0.0,281613009332242.1,1.0652916948380935e-08,281613009332242.1,1.0652916948380935e-08,0.0,300.0,103548.6750000001,2.5000000000000027e+25,0.0,inf,1.4008537960724841e-05,20.0,disabled,0.0,0.0,0.0,0.0,0,0,0,0
3.6180904522613065e-07,transient,-0.0,0.0,0.0,345617087250165.9,8.68012639036139e-09,345617087250165.9,8.68012639036139e-09,0.0,300.0,103548.6750000001,2.5000000000000027e+25,0.0,inf,1.2645079531215327e-05,20.0,disabled,0.0,0.0,0.0,0.0,0,0,0,0
3.655778894472362e-07,transient,-0.0,0.0,0.0,424167517472529.6,7.0726773654804656e-09,424167517472529.6,7.0726773654804656e-09,0.0,300.0,103548.6750000001,2.5000000000000027e+25,0.0,inf,1.1414331053324736e-05,20.0,disabled,0.0,0.0,0.0,0.0,0,0,0,0
3.6934673366834173e-07,transient,-0.0,0.0,0.0,520570139215238.5,5.762912188014687e-09,520570139215238.5,5.762912188014687e-09,0.0,300.0,103548.6750000001,2.5000000000000027e+25,0.0,inf,1.0303375833640554e-05,20.0,disabled,0.0,0.0,0.0,0.0,0,0,0,0
3.7311557788944727e-07,transient,-0.0,0.0,0.0,638882011011255.9,4.6957027249075976e-09,638882011011255.9,4.6957027249075976e-09,0.0,300.0,103548.6750000001,2.5000000000000027e+25,0.0,inf,9.300554417062121e-06,20.0,disabled,0.0,0.0,0.0,0.0,0,0,0,0
3.768844221105528e-07,transient,-0.0,0.0,0.0,784082082698666.9,3.8261300266861724e-09,784082082698666.9,3.8261300266861724e-09,0.0,300.0,103548.6750000001,2.5000000000000027e+25,0.0,inf,8.39534220402801e-06,20.0,disabled,0.0,0.0,0.0,0.0,0,0,0,0
3.806532663316583e-07,transient,-0.0,0.0,0.0,962280622064580.6,3.117593694824153e-09,962280622064580.6,3.117593694824153e-09,0.0,300.0,103548.67500000009,2.5000000000000023e+25,0.0,inf,7.578239002581526e-06,20.0,disabled,0.0,0.0,0.0,0.0,0,0,0,0
3.8442211055276383e-07,transient,-0.0,0.0,0.0,1180976190021141.2,2.540271366475471e-09,1180976190021141.2,2.540271366475471e-09,0.0,300.0,103548.6750000001,2.5000000000000027e+25,0.0,inf,6.84066932285932e-06,20.0,disabled,0.0,0.0,0.0,0.0,0,0,0,0
3.8819095477386937e-07,transient,-0.0,0.0,0.0,1449370942310922.2,2.0698634921000327e-09,1449370942310922.2,2.0698634921000327e-09,0.0,300.0,103548.67500000013,2.500000000000003e+25,0.0,inf,6.174892382552876e-06,20.0,disabled,0.0,0.0,0.0,0.0,0,0,0,0
3.919597989949749e-07,transient,-0.0,0.0,0.0,1778757480599574.2,1.6865705599106044e-09,1778757480599574.2,1.6865705599106044e-09,0.0,300.0,103548.6750000001,2.5000000000000027e+25,0.0,inf,5.573920861500155e-06,20.0,disabled,0.0,0.0,0.0,0.0,0,0,0,0
3.9572864321608045e-07,transient,-0.0,0.0,0.0,2182993452527136.2,1.374259733361572e-09,2182993452527136.2,1.374259733361572e-09,0.0,300.0,103548.6750000001,2.5000000000000027e+25,0.0,inf,5.031447570122161e-06,20.0,disabled,0.0,0.0,0.0,0.0,0,0,0,0
3.9949748743718593e-07,transient,-0.0,0.0,0.0,2679083756231470.0,1.1197858196937996e-09,2679083756231470.0,1.1197858196937996e-09,0.0,300.0,103548.67500000013,2.500000000000003e+25,0.0,inf,4.541779257011611e-06,20.0,disabled,0.0,0.0,0.0,0.0,0,0,0,0
4.0326633165829147e-07,transient,-0.0,0.0,0.0,3287894673422021.5,9.12437987825692e-10,3287894673422021.5,9.12437987825692e-10,0.0,300.0,103548.67500000013,2.500000000000003e+25,0.0,inf,4.099776859085314e-06,20.0,disabled,0.0,0.0,0.0,0.0,0,0,0,0
4.07035175879397e-07,transient,-0.0,0.0,0.0,4035029714404068.5,7.434889486168428e-10,4035029714404068.5,7.434889486168428e-10,0.0,300.0,103548.67500000016,2.5000000000000036e+25,0.0,inf,3.70080156808911e-06,20.0,disabled,0.0,0.0,0.0,0.0,0,0,0,0
4.1080402010050255e-07,transient,-0.0,0.0,0.0,4951903640497203.0,6.058276206074924e-10,4951903640497203.0,6.058276206074924e-10,0.0,300.0,103548.67500000013,2.500000000000003e+25,0.0,inf,3.340666142272367e-06,20.0,disabled,0.0,0.0,0.0,0.0,0,0,0,0
4.145728643216081e-07,transient,-0.0,0.0,0.0,6077059234289062.0,4.93659825310385e-10,6077059234289062.0,4.93659825310385e-10,0.0,300.0,103548.67500000016,2.5000000000000036e+25,0.0,inf,3.0155909640304506e-06,20.0,disabled,0.0,0.0,0.0,0.0,0,0,0,0
4.1834170854271357e-07,transient,-0.0,0.0,0.0,7457781326135497.0,4.022644093205871e-10,7457781326135497.0,4.022644093205871e-10,0.0,300.0,103548.67500000016,2.5000000000000036e+25,0.0,inf,2.7221643718544064e-06,20.0,disabled,0.0,0.0,0.0,0.0,0,0,0,0
4.221105527638191e-07,transient,-0.0,0.0,0.0,9152074584216964.0,3.2779453143592085e-10,9152074584216964.0,3.2779453143592085e-10,0.0,300.0,103548.67500000016,2.5000000000000036e+25,0.0,inf,2.4573068580429893e-06,20.0,disabled,0.0,0.0,0.0,0.0,0,0,0,0
4.2587939698492465e-07,transient,-0.0,0.0,0.0,1.1231086263001024e+16,2.6711574728822174e-10,1.1231086263001024e+16,2.6711574728822174e-10,0.0,300.0,103548.67500000018,2.500000000000004e+25,0.0,inf,2.218238744705064e-06,20.0,disabled,0.0,0.0,0.0,0.0,0,0,0,0
4.296482412060302e-07,transient,-0.0,0.0,0.0,1.3782072656377172e+16,2.17674081017985e-10,1.3782072656377172e+16,2.17674081017985e-10,0.0,300.0,103548.67500000018,2.500000000000004e+25,0.0,inf,2.0024510130499342e-06,20.0,disabled,0.0,0.0,0.0,0.0,0,0,0,0
4.334170854271357e-07,transient,-0.0,0.0,0.0,1.6912029385715092e+16,1.7738852810497002e-10,1.6912029385715092e+16,1.7738852810497002e-10,0.0,300.0,103548.67500000018,2.500000000000004e+25,0.0,inf,1.8076789707795615e-06,20.0,disabled,0.0,0.0,0.0,0.0,0,0,0,0
4.371859296482412e-07,transient,-0.0,0.0,0.0,2.075213111622022e+16,1.445634659495356e-10,2.075213111622022e+16,1.445634659495356e-10,0.0,300.0,103548.67500000019,2.5000000000000044e+25,0.0,inf,1.6318784853135021e-06,20.0,disabled,0.0,0.0,0.0,0.0,0,0,0,0
4.4095477386934675e-07,transient,-0.0,0.0,0.0,2.5463156875685076e+16,1.1781728458283657e-10,2.5463156875685076e+16,1.1781728458283657e-10,0.0,300.0,103548.67500000018,2.500000000000004e+25,0.0,inf,1.4732045287087496e-06,20.0,disabled,0.0,0.0,0.0,0.0,0,0,0,0
4.447236180904523e-07,transient,-0.0,0.0,0.0,3.1242113107666772e+16,9.602423464960199e-11,3.1242113107666772e+16,9.602423464960199e-11,0.0,300.0,103548.67500000019,2.5000000000000044e+25,0.0,inf,1.3299918139018165e-06,20.0,disabled,0.0,0.0,0.0,0.0,0,0,0,0
4.4849246231155783e-07,transient,-0.0,0.0,0.0,3.833030895752768e+16,7.826704458146119e-11,3.833030895752768e+16,7.826704458146119e-11,0.0,300.0,103548.6750000002,2.500000000000005e+25,0.0,inf,1.2007373173454511e-06,20.0,disabled,0.0,0.0,0.0,0.0,0,0,0,0
4.5226130653266337e-07,transient,-0.0,0.0,0.0,4.702318727454381e+16,6.379831257469997e-11,4.702318727454381e+16,6.379831257469997e-11,0.0,300.0,103548.67500000019,2.5000000000000044e+25,0.0,inf,1.0840845043050842e-06,20.0,disabled,0.0,0.0,0.0,0.0,0,0,0,0
4.5603015075376885e-07,transient,-0.0,0.0,0.0,5.768227056490694e+16,5.200904837170464e-11,5.768227056490694e+16,5.200904837170464e-11,0.0,300.0,103548.67500000018,2.500000000000004e+25,0.0,inf,9.78809091161518e-07,20.0,disabled,0.0,0.0,0.0,0.0,0,0,0,0
4.597989949748744e-07,transient,-0.0,0.0,0.0,7.074964319711164e+16,4.2403040700033886e-11,7.074964319711164e+16,4.2403040700033886e-11,0.0,300.0,103548.67500000016,2.5000000000000036e+25,0.0,inf,8.838061943516458e-07,20.0,disabled,0.0,0.0,0.0,0.0,0,0,0,0
4.6356783919597993e-07,transient,-0.0,0.0,0.0,8.676545721661536e+16,3.457597177768929e-11,8.676545721661536e+16,3.457597177768929e-11,0.0,300.0,103548.67500000018,2.500000000000004e+25,0.0,inf,7.980787334547762e-07,20.0,disabled,0.0,0.0,0.0,0.0,0,0,0,0
4.6733668341708547e-07,transient,-0.0,0.0,0.0,1.0638901679872795e+17,2.8198399517833216e-11,1.0638901679872795e+17,2.8198399517833216e-11,0.0,300.0,103548.67500000018,2.500000000000004e+25,0.0,inf,7.207269641910532e-07,20.0,disabled,0.0,0.0,0.0,0.0,0,0,0,0
4.71105527638191e-07,transient,-0.0,0.0,0.0,1.3042405761935166e+17,2.3001891328635336e-11,1.3042405761935166e+17,2.3001891328635336e-11,0.0,300.0,103548.67500000019,2.5000000000000044e+25,0.0,inf,6.509390329314087e-07,20.0,disabled,0.0,0.0,0.0,0.0,0,0,0,0
4.748743718592965e-07,transient,-0.0,0.0,0.0,1.598488837403538e+17,1.8767725678165943e-11,1.598488837403538e+17,1.8767725678165943e-11,0.0,300.0,103548.67500000018,2.500000000000004e+25,0.0,inf,5.879824508541171e-07,20.0,disabled,0.0,0.0,0.0,0.0,0,0,0,0
4.786432160804021e-07,transient,-0.0,0.0,0.0,1.958520350154095e+17,1.531768612853046e-11,1.958520350154095e+17,1.531768612853046e-11,0.0,300.0,103548.67500000019,2.5000000000000044e+25,0.0,inf,5.311964009144032e-07,20.0,disabled,0.0,0.0,0.0,0.0,0,0,0,0
4.824120603015076e-07,transient,-0.0,0.0,0.0,2.3987411052048765e+17,1.2506560184800644e-11,2.3987411052048765e+17,1.2506560184800644e-11,0.0,300.0,103548.67500000019,2.5000000000000044e+25,0.0,inf,4.799847943729595e-07,20.0,disabled,0.0,0.0,0.0,0.0,0,0,0,0
4.861809045226131e-07,transient,-0.0,0.0,0.0,2.9365622401268966e+17,1.0216027295475822e-11,2.9365622401268966e+17,1.0216027295475822e-11,0.0,300.0,103548.67500000019,2.5000000000000044e+25,0.0,inf,4.338100040580235e-07,20.0,disabled,0.0,0.0,0.0,0.0,0,0,0,0
4.899497487437186e-07,transient,-0.0,0.0,0.0,3.5929526189630163e+17,8.349678713174482e-12,3.5929526189630163e+17,8.349678713174482e-12,0.0,300.0,103548.67500000018,2.500000000000004e+25,0.0,inf,3.92187206983837e-07,20.0,disabled,0.0,0.0,0.0,0.0,0,0,0,0
4.937185929648241e-07,transient,-0.0,0.0,0.0,4.393055684650265e+17,6.828959647568941e-12,4.393055684650265e+17,6.828959647568941e-12,0.0,300.0,103548.67500000018,2.500000000000004e+25,0.0,inf,3.546792765515559e-07,20.0,disabled,0.0,0.0,0.0,0.0,0,0,0,0
4.974874371859297e-07,transient,-0.0,0.0,0.0,5.366857934563384e+17,5.5898628891954495e-12,5.366857934563384e+17,5.5898628891954495e-12,0.0,300.0,103548.67500000019,2.5000000000000044e+25,0.0,inf,3.208921687490079e-07,20.0,disabled,0.0,0.0,0.0,0.0,0,0,0,0
5.012562814070352e-07,transient,-0.0,0.0,0.0,6.549882639144344e+17,4.5802347389722244e-12,6.549882639144344e+17,4.5802347389722244e-12,0.0,300.0,103548.67500000019,2.5000000000000044e+25,0.0,inf,2.9047075188086223e-07,20.0,disabled,0.0,0.0,0.0,0.0,0,0,0,0
5.050251256281407e-07,transient,-0.0,0.0,0.0,7.983862269307727e+17,3.757579851462201e-12,7.983862269307727e+17,3.757579851462201e-12,0.0,300.0,103548.67500000019,2.5000000000000044e+25,0.0,inf,2.630950335270284e-07,20.0,disabled,0.0,0.0,0.0,0.0,0,0,0,0
5.087939698492463e-07,transient,-0.0,0.0,0.0,9.71731487343959e+17,3.0872726046985704e-12,9.71731487343959e+17,3.0872726046985704e-12,0.0,300.0,103548.67500000019,2.5000000000000044e+25,0.0,inf,2.384767422421122e-07,20.0,disabled,0.0,0.0,0.0,0.0,0,0,0,0
5.125628140703518e-07,transient,-0.0,0.0,0.0,1.1805912201813148e+18,2.5410997038748613e-12,1.1805912201813148e+18,2.5410997038748613e-12,0.0,300.0,103548.6750000002,2.500000000000005e+25,0.0,inf,2.1635622414025092e-07,20.0,disabled,0.0,0.0,0.0,0.0,0,0,0,0
5.163316582914574e-07,transient,-0.0,0.0,0.0,1.431248079206763e+18,2.0960726820067997e-12,1.431248079206763e+18,2.0960726820067997e-12,0.0,300.0,103548.6750000002,2.500000000000005e+25,0.0,inf,1.9649961764720494e-07,20.0,disabled,0.0,0.0,0.0,0.0,0,0,0,0
5.201005025125629e-07,transient,-0.0,0.0,0.0,1.7306424535714867e+18,1.7334603076498959e-12,1.7306424535714867e+18,1.7334603076498959e-12,0.0,300.0,103548.67500000019,2.5000000000000044e+25,0.0,inf,1.7869627172382455e-07,20.0,disabled,0.0,0.0,0.0,0.0,0,0,0,0
5.238693467336683e-07,transient,-0.0,0.0,0.0,2.0862305958629545e+18,1.4380001932428143e-12,2.0862305958629545e+18,1.4380001932428143e-12,0.0,300.0,103548.67500000018,2.500000000000004e+25,0.0,inf,1.6275637667808314e-07,20.0,disabled,0.0,0.0,0.0,0.0,0,0,0,0
5.276381909547739e-07,transient,-0.0,0.0,0.0,2.505728939037881e+18,1.1972563964368402e-12,2.505728939037881e+18,1.1972563964368402e-12,0.0,300.0,103548.67500000018,2.500000000000004e+25,0.0,inf,1.485087777190123e-07,20.0,disabled,0.0,0.0,0.0,0.0,0,0,0,0
5.314070351758794e-07,transient,-0.0,0.0,0.0,2.996715628717428e+18,1.001095990307221e-12,2.996715628717428e+18,1.001095990307221e-12,0.0,300.0,103548.67500000016,2.5000000000000036e+25,0.0,inf,1.3579894677288993e-07,20.0,disabled,0.0,0.0,0.0,0.0,0,0,0,0
5.35175879396985e-07,transient,-0.0,0.0,0.0,3.56606857550044e+18,8.412625658997594e-13,3.56606857550044e+18,8.412625658997594e-13,0.0,300.0,103548.67500000013,2.500000000000003e+25,0.0,inf,1.2448709224945923e-07,20.0,disabled,0.0,0.0,0.0,0.0,0,0,0,0
5.389447236180905e-07,transient,-0.0,0.0,0.0,4.219238839883065e+18,7.110287219680469e-13,4.219238839883065e+18,7.110287219680469e-13,0.0,300.0,103548.67500000013,2.500000000000003e+25,0.0,inf,1.1444639387370087e-07,20.0,disabled,0.0,0.0,0.0,0.0,0,0,0,0
5.42713567839196e-07,transient,-0.0,0.0,0.0,4.959391618985542e+18,6.04912906759652e-13,4.959391618985542e+18,6.04912906759652e-13,0.0,300.0,103548.6750000001,2.5000000000000027e+25,0.0,inf,1.0556135741756486e-07,20.0,disabled,0.0,0.0,0.0,0.0,0,0,0,0
5.464824120603016e-07,transient,-0.0,0.0,0.0,5.78649345599232e+18,5.184486983033377e-13,5.78649345599232e+18,5.184486983033377e-13,0.0,300.0,103548.6750000001,2.5000000000000027e+25,0.0,inf,9.772629518292734e-08,20.0,disabled,0.0,0.0,0.0,0.0,0,0,0,0
5.502512562814071e-07,transient,-0.0,0.0,0.0,6.696476211306676e+18,4.4799681285130906e-13,6.696476211306676e+18,4.4799681285130906e-13,0.0,300.0,103548.67500000009,2.5000000000000023e+25,0.0,inf,9.084394859891078e-08,20.0,disabled,0.0,0.0,0.0,0.0,0,0,0,0
5.540201005025126e-07,transient,-0.0,0.0,0.0,7.680650281495651e+18,3.905919277730493e-13,7.680650281495651e+18,3.905919277730493e-13,0.0,300.0,103548.6750000001,2.5000000000000027e+25,0.0,inf,8.482427815413226e-08,20.0,disabled,0.0,0.0,0.0,0.0,0,0,0,0
5.577889447236181e-07,transient,-0.0,0.0,0.0,8.725550057443431e+18,3.4381786595113456e-13,8.725550057443431e+18,3.4381786595113456e-13,0.0,300.0,103548.67500000009,2.5000000000000023e+25,0.0,inf,7.958344976161014e-08,20.0,disabled,0.0,0.0,0.0,0.0,0,0,0,0
5.615577889447236e-07,transient,-0.0,0.0,0.0,9.813353197624433e+18,3.0570590292482545e-13,9.813353197624433e+18,3.0570590292482545e-13,0.0,300.0,103548.67500000009,2.5000000000000023e+25,0.0,inf,7.504304587774669e-08,20.0,disabled,0.0,0.0,0.0,0.0,0,0,0,0
5.653266331658292e-07,transient,-0.0,0.0,0.0,1.0922917239092578e+19,2.746519024481069e-13,1.0922917239092578e+19,2.746519024481069e-13,0.0,300.0,103548.67500000009,2.5000000000000023e+25,0.0,inf,7.1129514848696e-08,20.0,disabled,0.0,0.0,0.0,0.0,0,0,0,0
5.690954773869347e-07,transient,-0.0,0.0,0.0,1.2031339257139872e+19,2.493487994879441e-13,1.2031339257139872e+19,2.493487994879441e-13,0.0,300.0,103548.67500000009,2.5000000000000023e+25,0.0,inf,6.777385380765729e-08,20.0,disabled,0.0,0.0,0.0,0.0,0,0,0,0
5.728643216080403e-07,transient,-0.0,0.0,0.0,1.311581003177684e+19,2.2873158369415486e-13,1.311581003177684e+19,2.2873158369415486e-13,0.0,300.0,103548.6750000001,2.5000000000000027e+25,0.0,inf,6.491149463476092e-08,20.0,disabled,0.0,0.0,0.0,0.0,0,0,0,0
5.766331658291458e-07,transient,-0.0,0.0,0.0,1.415545217518651e+19,2.1193247399463399e-13,1.415545217518651e+19,2.1193247399463399e-13,0.0,300.0,103548.6750000001,2.5000000000000027e+25,0.0,inf,6.248234128166935e-08,20.0,disabled,0.0,0.0,0.0,0.0,0,0,0,0
5.804020100502513e-07,transient,-0.0,0.0,0.0,1.5132836487470473e+19,1.982443940687464e-13,1.5132836487470473e+19,1.982443940687464e-13,0.0,300.0,103548.6750000001,2.5000000000000027e+25,0.0,inf,6.043089110436364e-08,20.0,disabled,0.0,0.0,0.0,0.0,0,0,0,0
5.841708542713568e-07,transient,-0.0,0.0,0.0,1.6034959511534354e+19,1.8709121141478554e-13,1.6034959511534354e+19,1.8709121141478554e-13,0.0,300.0,103548.6750000001,2.5000000000000027e+25,0.0,inf,5.8706370923442e-08,20.0,disabled,0.0,0.0,0.0,0.0,0,0,0,0
5.879396984924623e-07,transient,-0.0,0.0,0.0,1.6853602165248815e+19,1.780034897338346e-13,1.6853602165248815e+19,1.780034897338346e-13,0.0,300.0,103548.67500000009,2.5000000000000023e+25,0.0,inf,5.7262828874774196e-08,20.0,disabled,0.0,0.0,0.0,0.0,0,0,0,0
5.917085427135679e-07,transient,-0.0,0.0,0.0,1.7585125716201157e+19,1.7059872351302574e-13,1.7585125716201157e+19,1.7059872351302574e-13,0.0,300.0,103548.6750000001,2.5000000000000027e+25,0.0,inf,5.6059139789201555e-08,20.0,disabled,0.0,0.0,0.0,0.0,0,0,0,0
5.954773869346734e-07,transient,-0.0,0.0,0.0,1.8229851660153709e+19,1.6456524473851396e-13,1.8229851660153709e+19,1.6456524473851396e-13,0.0,300.0,103548.6750000001,2.5000000000000027e+25,0.0,inf,5.505890889520659e-08,20.0,disabled,0.0,0.0,0.0,0.0,0,0,0,0
5.992462311557789e-07,transient,-0.0,0.0,0.0,1.879121072982169e+19,1.5964910633666587e-13,1.879121072982169e+19,1.5964910633666587e-13,0.0,300.0,103548.67500000009,2.5000000000000023e+25,0.0,inf,5.423027249049571e-08,20.0,disabled,0.0,0.0,0.0,0.0,0,0,0,0
6.030150753768845e-07,transient,-0.0,0.0,0.0,1.9274830993020027e+19,1.5564338805805284e-13,1.9274830993020027e+19,1.5564338805805284e-13,0.0,300.0,103548.6750000001,2.5000000000000027e+25,0.0,inf,5.354561101467464e-08,20.0,disabled,0.0,0.0,0.0,0.0,0,0,0,0
6.0678391959799e-07,transient,-0.0,0.0,0.0,1.968768905223816e+19,1.5237948913353803e-13,1.968768905223816e+19,1.5237948913353803e-13,0.0,300.0,103548.6750000001,2.5000000000000027e+25,0.0,inf,5.298120081545271e-08,20.0,disabled,0.0,0.0,0.0,0.0,0,0,0,0
6.105527638190956e-07,transient,-0.0,0.0,0.0,2.0037398871785464e+19,1.49720031986002e-13,2.0037398871785464e+19,1.49720031986002e-13,0.0,300.0,103548.67500000009,2.5000000000000023e+25,0.0,inf,5.251682913295928e-08,20.0,disabled,0.0,0.0,0.0,0.0,0,0,0,0
6.14321608040201e-07,transient,-0.0,0.0,0.0,2.0331666409325326e+19,1.4755307998876174e-13,2.0331666409325326e+19,1.4755307998876174e-13,0.0,300.0,103548.67500000013,2.500000000000003e+25,0.0,inf,5.213539644922129e-08,20.0,disabled,0.0,0.0,0.0,0.0,0,0,0,0
6.180904522613065e-07,transient,-0.0,0.0,0.0,2.057790634405946e+19,1.457874260792355e-13,2.057790634405946e+19,1.457874260792355e-13,0.0,300.0,103548.6750000001,2.5000000000000027e+25,0.0,inf,5.182252562112932e-08,20.0,disabled,0.0,0.0,0.0,0.0,0,0,0,0
6.218592964824121e-07,transient,-0.0,0.0,0.0,2.078299895667918e+19,1.4434875381812348e-13,2.078299895667918e+19,1.4434875381812348e-13,0.0,300.0,103548.6750000001,2.5000000000000027e+25,0.0,inf,5.156619186376317e-08,20.0,disabled,0.0,0.0,0.0,0.0,0,0,0,0
6.256281407035176e-07,transient,-0.0,0.0,0.0,2.0953157832526225e+19,1.4317650943014464e-13,2.0953157832526225e+19,1.4317650943014464e-13,0.0,300.0,103548.6750000001,2.5000000000000027e+25,0.0,inf,5.1356382627613016e-08,20.0,disabled,0.0,0.0,0.0,0.0,0,0,0,0
6.293969849246232e-07,transient,-0.0,0.0,0.0,2.1093878916000543e+19,1.4222135302599e-13,2.1093878916000543e+19,1.4222135302599e-13,0.0,300.0,103548.67500000009,2.5000000000000023e+25,0.0,inf,5.1184792109805213e-08,20.0,disabled,0.0,0.0,0.0,0.0,0,0,0,0
6.331658291457287e-07,transient,-0.0,0.0,0.0,2.1209945047975154e+19,1.4144308215859337e-13,2.1209945047975154e+19,1.4144308215859337e-13,0.0,300.0,103548.67500000008,2.500000000000002e+25,0.0,inf,5.1044551987741105e-08,20.0,disabled,0.0,0.0,0.0,0.0,0,0,0,0
6.369346733668342e-07,transient,-0.0,0.0,0.0,2.1305465496428876e+19,1.4080893940115256e-13,2.1305465496428876e+19,1.4080893940115256e-13,0.0,300.0,103548.67500000009,2.5000000000000023e+25,0.0,inf,5.0929997443165774e-08,20.0,disabled,0.0,0.0,0.0,0.0,0,0,0,0
6.407035175879398e-07,transient,-0.0,0.0,0.0,2.1383934968958853e+19,1.402922336022267e-13,2.1383934968958853e+19,1.402922336022267e-13,0.0,300.0,103548.6750000001,2.5000000000000027e+25,0.0,inf,5.083646640972284e-08,20.0,disabled,0.0,0.0,0.0,0.0,0,0,0,0
6.444723618090453e-07,transient,-0.0,0.0,0.0,2.1448301323583107e+19,1.3987121659380094e-13,2.1448301323583107e+19,1.3987121659380094e-13,0.0,300.0,103548.67500000009,2.5000000000000023e+25,0.0,inf,5.076012897389114e-08,20.0,disabled,0.0,0.0,0.0,0.0,0,0,0,0
6.482412060301508e-07,transient,-0.0,0.0,0.0,2.150103486748364e+19,1.3952816775982017e-13,2.150103486748364e+19,1.3952816775982017e-13,0.0,300.0,103548.67500000009,2.5000000000000023e+25,0.0,inf,5.0697843488994246e-08,20.0,disabled,0.0,0.0,0.0,0.0,0,0,0,0
6.520100502512563e-07,transient,-0.0,0.0,0.0,2.154419478759267e+19,1.3924864816612704e-13,2.154419478759267e+19,1.3924864816612704e-13,0.0,300.0,103548.67500000009,2.5000000000000023e+25,0.0,inf,5.0647036023943744e-08,20.0,disabled,0.0,0.0,0.0,0.0,0,0,0,0
6.557788944723618e-07,transient,-0.0,0.0,0.0,2.157949024063126e+19,1.3902089282681045e-13,2.157949024063126e+19,1.3902089282681045e-13,0.0,300.0,103548.67500000009,2.5000000000000023e+25,0.0,inf,5.060559988215962e-08,20.0,disabled,0.0,0.0,0.0,0.0,0,0,0,0
6.595477386934674e-07,transient,-0.0,0.0,0.0,2.160833494610972e+19,1.3883531551514145e-13,2.160833494610972e+19,1.3883531551514145e-13,0.0,300.0,103548.67500000009,2.5000000000000023e+25,0.0,inf,5.0571812200498883e-08,20.0,disabled,0.0,0.0,0.0,0.0,0,0,0,0
6.633165829145729e-07,transient,-0.0,0.0,0.0,2.1631894974293086e+19,1.3868410527904008e-13,2.1631894974293086e+19,1.3868410527904008e-13,0.0,300.0,103548.67500000009,2.5000000000000023e+25,0.0,inf,5.0544264962556916e-08,20.0,disabled,0.0,0.0,0.0,0.0,0,0,0,0
6.670854271356785e-07,transient,-0.0,0.0,0.0,2.165112993856273e+19,1.3856089767660178e-13,2.165112993856273e+19,1.3856089767660178e-13,0.0,300.0,103548.6750000001,2.5000000000000027e+25,0.0,inf,5.0521808094026916e-08,20.0,disabled,0.0,0.0,0.0,0.0,0,0,0,0
6.70854271356784e-07,transient,-0.0,0.0,0.0,2.166682808845946e+19,1.3846050689800366e-13,2.166682808845946e+19,1.3846050689800366e-13,0.0,300.0,103548.67500000013,2.500000000000003e+25,0.0,inf,5.050350263140318e-08,20.0,disabled,0.0,0.0,0.0,0.0,0,0,0,0
6.746231155778895e-07,transient,-0.0,0.0,0.0,2.167963593768832e+19,1.3837870749410228e-13,2.167963593768832e+19,1.3837870749410228e-13,0.0,300.0,103548.67500000013,2.500000000000003e+25,0.0,inf,5.048858225146238e-08,20.0,disabled,0.0,0.0,0.0,0.0,0,0,0,0
6.78391959798995e-07,transient,-0.0,0.0,0.0,2.169008310141626e+19,1.3831205652707316e-13,2.169008310141626e+19,1.3831205652707316e-13,0.0,300.0,103548.6750000001,2.5000000000000027e+25,0.0,inf,5.0476421716809176e-08,20.0,disabled,0.0,0.0,0.0,0.0,0,0,0,0
6.821608040201005e-07,transient,-0.0,0.0,0.0,2.169860300161334e+19,1.3825774865676577e-13,2.169860300161334e+19,1.3825774865676577e-13,0.0,300.0,103548.67500000013,2.500000000000003e+25,0.0,inf,5.0466511025819176e-08,20.0,disabled,0.0,0.0,0.0,0.0,0,0,0,0
6.859296482412061e-07,transient,-0.0,0.0,0.0,2.17055500513203e+19,1.3821349806417447e-13,2.17055500513203e+19,1.3821349806417447e-13,0.0,300.0,103548.67500000013,2.500000000000003e+25,0.0,inf,5.045843425704561e-08,20.0,disabled,0.0,0.0,0.0,0.0,0,0,0,0
6.896984924623116e-07,transient,-0.0,0.0,0.0,2.1711213866279313e+19,1.3817744224146943e-13,2.1711213866279313e+19,1.3817744224146943e-13,0.0,300.0,103548.67500000013,2.500000000000003e+25,0.0,inf,5.0451852269568785e-08,20.0,disabled,0.0,0.0,0.0,0.0,0,0,0,0
6.934673366834171e-07,transient,-0.0,0.0,0.0,2.1715830984889782e+19,1.3814806359873805e-13,2.1715830984889782e+19,1.3814806359873805e-13,0.0,300.0,103548.67500000013,2.500000000000003e+25,0.0,inf,5.044648856579675e-08,20.0,disabled,0.0,0.0,0.0,0.0,0,0,0,0
6.972361809045227e-07,transient,-0.0,0.0,0.0,2.1719594511199977e+19,1.3812412558867124e-13,2.1719594511199977e+19,1.3812412558867124e-13,0.0,300.0,103548.6750000001,2.5000000000000027e+25,0.0,inf,5.044211774496761e-08,20.0,disabled,0.0,0.0,0.0,0.0,0,0,0,0
7.010050251256282e-07,transient,-0.0,0.0,0.0,2.1722662034494427e+19,1.3810462066003516e-13,2.1722662034494427e+19,1.3810462066003516e-13,0.0,300.0,103548.6750000001,2.5000000000000027e+25,0.0,inf,5.043855607665317e-08,20.0,disabled,0.0,0.0,0.0,0.0,0,0,0,0
7.047738693467338e-07,transient,-0.0,0.0,0.0,2.172516212368317e+19,1.3808872785025716e-13,2.172516212368317e+19,1.3808872785025716e-13,0.0,300.0,103548.67500000013,2.500000000000003e+25,0.0,inf,5.043565380793603e-08,20.0,disabled,0.0,0.0,0.0,0.0,0,0,0,0
7.085427135678393e-07,transient,-0.0,0.0,0.0,2.1727199646735364e+19,1.380757782308484e-13,2.1727199646735364e+19,1.380757782308484e-13,0.0,300.0,103548.67500000016,2.5000000000000036e+25,0.0,inf,5.043328888704645e-08,20.0,disabled,0.0,0.0,0.0,0.0,0,0,0,0
7.123115577889447e-07,transient,-0.0,0.0,0.0,2.172886012336353e+19,1.38065226752245e-13,2.172886012336353e+19,1.38065226752245e-13,0.0,300.0,103548.6750000001,2.5000000000000027e+25,0.0,inf,5.043136184400465e-08,20.0,disabled,0.0,0.0,0.0,0.0,0,0,0,0
7.160804020100503e-07,transient,-0.0,0.0,0.0,2.173021328389364e+19,1.3805662930255682e-13,2.173021328389364e+19,1.3805662930255682e-13,0.0,300.0,103548.67500000016,2.5000000000000036e+25,0.0,inf,5.0429791615727604e-08,20.0,disabled,0.0,0.0,0.0,0.0,0,0,0,0
7.198492462311558e-07,transient,-0.0,0.0,0.0,2.1731315977164194e+19,1.380496240150608e-13,2.1731315977164194e+19,1.380496240150608e-13,0.0,300.0,103548.67500000013,2.500000000000003e+25,0.0,inf,5.042851214196378e-08,20.0,disabled,0.0,0.0,0.0,0.0,0,0,0,0
7.236180904522613e-07,transient,-0.0,0.0,0.0,2.1732214545351385e+19,1.3804391603715847e-13,2.1732214545351385e+19,1.3804391603715847e-13,0.0,300.0,103548.67500000018,2.500000000000004e+25,0.0,inf,5.042746959001744e-08,20.0,disabled,0.0,0.0,0.0,0.0,0,0,0,0
7.273869346733669e-07,transient,-0.0,0.0,0.0,2.173294676258633e+19,1.3803926512002301e-13,2.173294676258633e+19,1.3803926512002301e-13,0.0,300.0,103548.67500000016,2.5000000000000036e+25,0.0,inf,5.042662009239149e-08,20.0,disabled,0.0,0.0,0.0,0.0,0,0,0,0
7.311557788944724e-07,transient,-0.0,0.0,0.0,2.173354341695113e+19,1.3803547550649946e-13,2.173354341695113e+19,1.3803547550649946e-13,0.0,300.0,103548.67500000018,2.500000000000004e+25,0.0,inf,5.042592790269873e-08,20.0,disabled,0.0,0.0,0.0,0.0,0,0,0,0
7.34924623115578e-07,transient,-0.0,0.0,0.0,2.1734029601083847e+19,1.380323876917143e-13,2.1734029601083847e+19,1.380323876917143e-13,0.0,300.0,103548.67500000018,2.500000000000004e+25,0.0,inf,5.0425363892628324e-08,20.0,disabled,0.0,0.0,0.0,0.0,0,0,0,0
7.386934673366835e-07,transient,-0.0,0.0,0.0,2.173442576483237e+19,1.380298717095247e-13,2.173442576483237e+19,1.380298717095247e-13,0.0,300.0,103548.67500000018,2.500000000000004e+25,0.0,inf,5.042490432695062e-08,20.0,disabled,0.0,0.0,0.0,0.0,0,0,0,0
7.424623115577889e-07,transient,-0.0,0.0,0.0,2.1734748573671703e+19,1.3802782166222238e-13,2.1734748573671703e+19,1.3802782166222238e-13,0.0,300.0,103548.67500000019,2.5000000000000044e+25,0.0,inf,5.042452986517058e-08,20.0,disabled,0.0,0.0,0.0,0.0,0,0,0,0
7.462311557788945e-07,transient,-0.0,0.0,0.0,2.1735011608612585e+19,1.3802615126330267e-13,2.1735011608612585e+19,1.3802615126330267e-13,0.0,300.0,103548.67500000019,2.5000000000000044e+25,0.0,inf,5.0424224747933944e-08,20.0,disabled,0.0,0.0,0.0,0.0,0,0,0,0
7.5e-07,transient,-0.0,0.0,0.0,2.1735225936808305e+19,1.3802479020563305e-13,2.1735225936808305e+19,1.3802479020563305e-13,0.0,300.0,103548.67500000019,2.5000000000000044e+25,0.0,inf,5.042397613400684e-08,20.0,disabled,0.0,0.0,0.0,0.0,0,0,0,0
