EoverN_Td,xs_zdp_ar_effective,xs_zdp_ar_excitation,xs_zdp_ar_star_deexcitation,xs_zdp_ar_ionization,xs_zdp_ar_star_ionization
0.5,2.2042681853249343e-15,8.755100192807796e-189,0.0,1.0228353426524474e-254,1.3914936199096774e-75
0.5518369771526415,2.2042681853249343e-15,8.755100192807796e-189,0.0,1.0228353426524474e-254,1.3914936199096774e-75
0.6090480987059299,2.2042681853249343e-15,8.755100192807796e-189,0.0,1.0228353426524474e-254,1.3914936199096774e-75
0.6721905234608879,2.2042681853249343e-15,8.755100192807796e-189,0.0,1.0228353426524474e-254,1.3914936199096774e-75
0.7418791730746163,2.2042681853249343e-15,8.755100192807796e-189,0.0,1.0228353426524474e-254,1.3914936199096774e-75
0.8187927205639952,2.2042681853249343e-15,8.755100192807796e-189,0.0,1.0228353426524474e-254,1.3914936199096774e-75
0.9036801996612451,2.2042681853249343e-15,8.755100192807796e-189,0.0,1.0228353426524474e-254,1.3914936199096774e-75
0.997368299387514,2.4146549682690844e-15,2.4478367013939049e-29,0.0,5.5286087576759585e-34,1.1580916346778964e-20
1.100769414883753,2.6657918208544815e-15,6.412387405355297e-28,0.0,5.25896412028094e-32,3.8763665995787763e-20
1.2148905329030641,2.941981718778831e-15,7.758719563188679e-27,0.0,1.705080484468922e-30,9.82497001341455e-20
1.3408430384971775,3.2471087757219346e-15,6.064315348925523e-26,0.0,3.0052192255264406e-29,2.1274175094395223e-19
1.4798535384008906,3.582544465064832e-15,3.5232869798958755e-25,0.0,3.499762482286243e-28,4.13841058422607e-19
1.6332758065195756,3.954301676219206e-15,1.6757587225280187e-24,0.0,3.0796428190983797e-27,7.489674188527767e-19
1.8026039678526102,4.3653894232584135e-15,6.82638577314046e-24,0.0,2.1798690098723184e-26,1.2815972641800579e-18
1.9894870492462835,4.81774581817537e-15,2.4472874069677378e-23,0.0,1.2885464954528496e-25,2.0934414833048626e-18
2.195745038680795,5.316584383087129e-15,7.933352238254797e-23,0.0,6.602643667415888e-25,3.2963422286561365e-18
2.4233866094870398,5.867185243489925e-15,2.3681293640695263e-22,0.0,3.006695038481309e-24,5.036083487209815e-18
2.6746286821030334,6.476554886073966e-15,6.609475729620918e-22,0.0,1.2423148110011039e-23,7.506409219926229e-18
2.9519180138749825,7.148102171612434e-15,1.734172736440016e-21,0.0,4.6904458349785467e-23,1.0934766484398387e-17
3.2579550271584,7.888377016724631e-15,4.313987991998634e-21,0.0,1.6366837723120392e-22,1.5614746003093253e-17
3.595720107772687,8.705178999976481e-15,1.0249977255186113e-20,0.0,5.329770844499312e-22,2.1915573728570134e-17
3.9685026299204993,9.604040732329257e-15,2.333533325207686e-20,0.0,1.6263396280430128e-21,3.0264213074325847e-17
4.379932990235273,1.0594813534365501e-14,5.1207995928593526e-20,0.0,4.68690430708489e-21,4.1212733310261293e-17
4.834017962925126,1.1680279476392554e-14,1.0825357022194998e-19,0.0,1.2745823129492997e-20,5.532830096745202e-17
5.33517972032434,1.2866910366480867e-14,2.2100632778785743e-19,0.0,3.2822247174366875e-20,7.330395051257236e-17
5.888298898859717,1.4156309274076634e-14,4.355828217416327e-19,0.0,8.003078064530017e-20,9.584713038024111e-17
6.4987621298359475,1.5531819058364848e-14,8.226252445382763e-19,0.0,1.8311755848671418e-19,1.2334541695025026e-16
7.172514497925463,1.698204887423107e-14,1.48677612407309e-18,0.0,3.9299067372296156e-19,1.56190411869894e-16
7.916117438237367,1.847876961669695e-14,2.557911155073715e-18,0.0,7.867769946563482e-19,1.9424612873966822e-16
8.736812635804442,2.0000117735258764e-14,4.1891109692409655e-18,0.0,1.4716926669085826e-18,2.372901450114421e-16
9.64259254978265,2.1505464338607472e-14,6.50477684962921e-18,0.0,2.5630899836084077e-18,2.84270160345068e-16
10.642278249173279,2.2986076765843343e-14,9.640199939324815e-18,0.0,4.1966490091141195e-18,3.348212607377733e-16
11.745605318082177,2.4426659422372678e-14,1.3687955812692948e-17,0.0,6.497970138065686e-18,3.8824254932127483e-16
12.963318667116917,2.584212082372779e-14,1.8804278012292166e-17,0.0,9.639593701996995e-18,4.4492031771908e-16
14.307277174256418,2.7225977301639723e-14,2.5075615941574716e-17,0.0,1.3764202220938152e-17,5.044740331622698e-16
15.790569174253296,2.858657145707171e-14,3.263785179585434e-17,0.0,1.9055117046763415e-17,5.67154882928774e-16
17.427639921279244,2.993523507508372e-14,4.166892247949464e-17,0.0,2.574091140535273e-17,6.334692637441842e-16
19.234432266126873,3.128114986519795e-14,5.237162259934368e-17,0.0,3.408962923275457e-17,7.039522664583025e-16
21.22854191797337,3.263560997791147e-14,6.501263715167895e-17,0.0,4.44458317015768e-17,7.793850364343825e-16
23.429388802745127,3.399580165526648e-14,7.976007716276529e-17,0.0,5.71000694070796e-17,8.598536587194718e-16
25.858406186881634,3.538119013971782e-14,9.706181256452789e-17,0.0,7.261588579174691e-17,9.468563677706432e-16
28.539249408307846,3.6785255300985993e-14,1.171121789112027e-16,0.0,9.13749015502026e-17,1.040422735818112e-15
31.49802624737183,3.8224549729449047e-14,1.4046268548283696e-16,0.0,1.1413442095575467e-16,1.1421840070554526e-15
34.76355118124846,3.96994034538871e-14,1.674978828309847e-16,0.0,1.4155638046063675e-16,1.2528329321142071e-15
38.36762599790258,4.1222881200886357e-14,1.9890032505398072e-16,0.0,1.7467464531234436e-16,1.3741590519720704e-15
42.34534950241132,4.2789962984605026e-14,2.3506007580620623e-16,0.0,2.142984269428548e-16,1.5066887210670666e-15
46.73545933176555,4.4408413253138414e-14,2.76684490598602e-16,0.0,2.6165984335024575e-16,1.6520955778125482e-15
51.58070920696339,4.6093918877524135e-14,3.2482644098966387e-16,0.0,3.185174635993548e-16,1.8130775699919094e-15
56.9282852963202,4.784956599793542e-14,3.8033872065075963e-16,0.0,3.865571339252645e-16,1.9914883854208634e-15
62.83026574480901,4.967108972227715e-14,4.438811526666284e-16,0.0,4.673628001622762e-16,2.1885678098258156e-15
69.34412784462513,5.157660790156932e-14,5.169829656307304e-16,0.0,5.638020912385733e-16,2.4082264517453787e-15
76.5333077861285,5.3570399122245076e-14,6.0085870021600915e-16,0.0,6.785961746465957e-16,2.653310915433154e-15
84.46781844037974,5.56486548232443e-14,6.964355492664485e-16,0.0,8.142937382634406e-16,2.925897268221037e-15
93.2249311896346,5.784091549895126e-14,8.063447353557512e-16,0.0,9.76189788468692e-16,3.2329390471016613e-15
102.88992844590194,6.013604893640054e-14,9.314454717058999e-16,0.0,1.1674001036683162e-15,3.576445575469248e-15
113.5569341860762,6.255749498897603e-14,1.0745411319524918e-15,0.0,1.394381799814248e-15,3.963957369745762e-15
125.3298305919315,6.510288559916621e-14,1.2371779858649097e-15,0.0,1.6621598177138661e-15,4.399758643394174e-15
138.32326972180826,6.77884629793347e-14,1.4221856297018766e-15,0.0,1.9783898897245568e-15,4.891866873453342e-15
152.66379006630436,7.06320086099765e-14,1.632828568666595e-15,0.0,2.352262112981801e-15,5.44976953257327e-15
168.4910488617097,7.363169756765294e-14,1.871111081591163e-15,0.0,2.791510006340789e-15,6.0800590100103836e-15
185.9591821622478,7.680619928469077e-14,2.140742980680681e-15,0.0,3.307786802509619e-15,6.794388321146057e-15
205.23830591638446,8.018700670234436e-14,2.4469699415243428e-15,0.0,3.916977637014967e-15,7.609171485895665e-15
226.5161726656534,8.37613658859218e-14,2.7912678640786855e-15,0.0,4.628689684180534e-15,8.531609893881042e-15
250.0,8.756158381591533e-14,3.17941405195502e-15,0.0,5.4624630851962255e-15,9.581317870861368e-15
