time_s,pygmol_Ar,local_Ar,rel_error_Ar,pygmol_Ar_plus,local_Ar_plus,rel_error_Ar_plus,pygmol_e,local_e,rel_error_e,pygmol_T_e,local_T_e,rel_error_T_e,pygmol_T_n,local_T_n,rel_error_T_n,pygmol_p,local_p,rel_error_p,pygmol_P,local_P,rel_error_P
0.0,1.6917887319817692e+21,1.6917887319817692e+21,0.0,1691788731981.769,1691788731981.769,0.0,1691788731981.769,1691788731981.769,0.0,3.0,3.0,0.0,342.5,342.5,0.0,8.0,8.0,0.0,500.0,500.0,0.0
6.278266804146848e-12,1.6917887319817658e+21,1.6917887319817658e+21,0.0,1691792078735.4963,1691792078735.4963,0.0,1691792078735.4963,1691792078735.4963,0.0,3.1927761515941757,3.1927761515941757,0.0,342.5,342.5,0.0,8.0,8.0,0.0,500.0,500.0,0.0
1.2556533608293696e-11,1.691788731981761e+21,1.691788731981761e+21,0.0,1691796807902.9858,1691796807902.9858,0.0,1691796807902.9858,1691796807902.9858,0.0,3.385488999548965,3.3854889995489654,1.3117431777484045e-16,342.5,342.5,0.0,8.0,8.0,0.0,500.0,500.0,0.0
7.533920164976218e-11,1.6917887319813999e+21,1.6917887319813996e+21,1.5495078968458463e-16,1692158298645.9463,1692158298645.9463,0.0,1692158298645.9463,1692158298645.9463,0.0,5.302989288333622,5.302989288333623,1.6748636880223095e-16,342.5,342.5,0.0,8.000000000000002,8.0,2.2204460492503126e-16,500.0,500.0,0.0
1.3812186969123066e-10,1.6917887319803324e+21,1.6917887319803327e+21,1.549507896846824e-16,1693225249158.2783,1693225249158.2783,0.0,1693225249158.2783,1693225249158.2783,0.0,7.201986499315773,7.201986499315773,0.0,342.5,342.5,0.0,7.999999999999999,8.0,1.1102230246251568e-16,500.0,500.0,0.0
2.540255141251507e-10,1.6917887319758647e+21,1.6917887319758647e+21,0.0,1697693344557.7478,1697693344557.7478,0.0,1697693344557.7478,1697693344557.7478,0.0,10.638092815651541,10.638092815651541,0.0,342.5,342.5,0.0,8.0,8.0,0.0,500.0,500.0,0.0
3.699291585590708e-10,1.691788731967408e+21,1.6917887319674077e+21,1.5495078968586616e-16,1706150380416.3875,1706150380416.3875,0.0,1706150380416.3875,1706150380416.3875,0.0,13.943855123646246,13.94385512364625,2.547870475773765e-16,342.5,342.5,0.0,8.000000000000002,8.0,2.2204460492503126e-16,500.0,500.0,0.0
4.858328029929908e-10,1.6917887319545338e+21,1.6917887319545338e+21,0.0,1719024149768.9072,1719024149768.9072,0.0,1719024149768.9072,1719024149768.9072,0.0,17.0769894283753,17.076989428375303,2.0804098366994804e-16,342.5,342.5,0.0,8.0,8.0,0.0,500.0,500.0,0.0
7.328628263556033e-10,1.6917887319129323e+21,1.6917887319129323e+21,0.0,1760625691055.1643,1760625691055.1643,0.0,1760625691055.1643,1760625691055.1643,0.0,23.060370994431565,23.060370994431565,0.0,342.5,342.5,0.0,8.0,8.0,0.0,500.0,500.0,0.0
9.798928497182156e-10,1.6917887318530882e+21,1.6917887318530882e+21,0.0,1820469634379.8442,1820469634379.846,9.387601653581975e-16,1820469634379.8442,1820469634379.846,9.387601653581975e-16,27.97163753053209,27.97163753053205,1.3971241556433152e-15,342.5,342.5,0.0,8.0,8.0,0.0,500.0,500.0,0.0
1.2269228730808279e-09,1.6917887317774563e+21,1.6917887317774563e+21,0.0,1896101562414.9553,1896101562414.958,1.4163518074314404e-15,1896101562414.9553,1896101562414.958,1.4163518074314404e-15,31.80627805964716,31.806278059647102,1.7871760648702134e-15,342.5,342.5,0.0,7.999999999999999,7.999999999999999,0.0,500.0,500.0,0.0
1.4739528964434401e-09,1.6917887316883496e+21,1.6917887316883493e+21,1.5495078971142508e-16,1985208501578.1572,1985208501578.1611,1.9676774489403485e-15,1985208501578.1572,1985208501578.1611,1.9676774489403485e-15,34.66336655419372,34.663366554193644,2.254821406669022e-15,342.5,342.5,0.0,8.0,7.999999999999999,1.1102230246251565e-16,500.0,500.0,0.0
1.8895861564108196e-09,1.6917887315122423e+21,1.6917887315122423e+21,0.0,2161315487294.2273,2161315487294.2336,2.9369410839445263e-15,2161315487294.2273,2161315487294.2336,2.9369410839445263e-15,37.655762564699174,37.655762564699046,3.396497208549886e-15,342.5,342.5,0.0,7.999999999999999,7.999999999999999,0.0,500.0,500.0,0.0
2.305219416378199e-09,1.6917887313085375e+21,1.6917887313085378e+21,1.5495078974621202e-16,2365020098392.497,2365020098392.5044,3.0968949291290455e-15,2365020098392.497,2365020098392.5044,3.0968949291290455e-15,38.95718992523214,38.957189925232,3.647813084690123e-15,342.5,342.5,0.0,7.999999999999999,8.0,1.1102230246251568e-16,500.0,500.0,0.0
2.7208526763455786e-09,1.691788731081415e+21,1.691788731081415e+21,0.0,2592143059338.2104,2592143059338.218,2.8255457288958104e-15,2592143059338.2104,2592143059338.218,2.8255457288958104e-15,39.14544656124888,39.145446561248754,3.2672431578141035e-15,342.5,342.5,0.0,8.0,8.0,0.0,500.0,500.0,0.0
3.136485936312958e-09,1.691788730833847e+21,1.6917887308338467e+21,1.549507897896889e-16,2839711230872.816,2839711230872.8203,1.547527509918427e-15,2839711230872.816,2839711230872.8203,1.547527509918427e-15,38.645167780368766,38.64516778036871,1.4709062510445025e-15,342.5,342.5,0.0,8.000000000000002,8.0,2.2204460492503126e-16,500.0,500.0,0.0
3.883409001310122e-09,1.6917887303441216e+21,1.6917887303441216e+21,0.0,3329436404872.3223,3329436404872.3296,2.1998374077011003e-15,3329436404872.3223,3329436404872.3296,2.1998374077011003e-15,36.84360292511988,36.84360292511978,2.6999526405869373e-15,342.5,342.5,0.0,8.0,8.0,0.0,500.0,500.0,0.0
4.630332066307287e-09,1.6917887298055782e+21,1.691788729805578e+21,1.5495078988386795e-16,3867979968844.654,3867979968844.673,4.923233549135478e-15,3867979968844.654,3867979968844.673,4.923233549135478e-15,34.64873027148611,34.64873027148588,6.562251305074443e-15,342.5,342.5,0.0,8.000000000000002,8.0,2.2204460492503126e-16,500.0,500.0,0.0
5.377255131304451e-09,1.6917887292253728e+21,1.6917887292253728e+21,0.0,4448185027862.278,4448185027862.312,7.464420835020178e-15,4448185027862.278,4448185027862.312,7.464420835020178e-15,32.46701496358164,32.46701496358131,1.006712994145826e-14,342.5,342.5,0.0,7.999999999999999,7.999999999999999,0.0,500.0,500.0,0.0
6.124178196301616e-09,1.691788728608583e+21,1.691788728608583e+21,0.0,5064974655600.751,5064974655600.795,8.67631439209792e-15,5064974655600.751,5064974655600.795,8.67631439209792e-15,30.4419301312643,30.441930131263963,1.1086938247040461e-14,342.5,342.5,0.0,7.999999999999999,7.999999999999999,0.0,500.0,500.0,0.0
7.072210922770752e-09,1.691788727779164e+21,1.691788727779164e+21,0.0,5894393853200.307,5894393853200.36,9.11220709672092e-15,5894393853200.307,5894393853200.36,9.11220709672092e-15,28.152004413006395,28.152004413006093,1.0726790826962421e-14,342.5,342.5,0.0,7.999999999999999,7.999999999999999,0.0,500.0,500.0,0.0
8.020243649239888e-09,1.6917887269041637e+21,1.6917887269041637e+21,0.0,6769394204169.41,6769394204169.472,9.088470200495406e-15,6769394204169.41,6769394204169.472,9.088470200495406e-15,26.175549012556335,26.175549012556075,9.908028994082532e-15,342.5,342.5,0.0,8.0,8.0,0.0,500.0,500.0,0.0
8.968276375709024e-09,1.6917887259893975e+21,1.691788725989397e+21,3.0990158046678327e-16,7684160823433.517,7684160823433.569,6.862737026427393e-15,7684160823433.517,7684160823433.569,6.862737026427393e-15,24.476992889202936,24.47699288920279,5.950945914400837e-15,342.5,342.5,0.0,8.000000000000002,7.999999999999999,3.330669073875469e-16,500.0,500.0,0.0
9.91630910217816e-09,1.691788725039573e+21,1.691788725039573e+21,0.0,8633984842142.398,8633984842142.434,4.0718452305362725e-15,8633984842142.398,8633984842142.434,4.0718452305362725e-15,23.01181644746274,23.011816447462692,2.007024431550203e-15,342.5,342.5,0.0,7.999999999999999,7.999999999999999,0.0,500.0,500.0,0.0
1.1924902860733513e-08,1.6917887229283412e+21,1.6917887229283412e+21,0.0,10745216481474.393,10745216481474.398,5.453007866432499e-16,10745216481474.393,10745216481474.398,5.453007866432499e-16,20.503497896330433,20.503497896330504,3.4654708155298125e-15,342.5,342.5,0.0,7.999999999999999,7.999999999999999,0.0,500.0,500.0,0.0
1.3933496619288865e-08,1.6917887207092595e+21,1.69178872070926e+21,3.099015814339981e-16,12964297712315.719,12964297712315.7,1.506541305468931e-15,12964297712315.719,12964297712315.7,1.506541305468931e-15,18.593393410166946,18.593393410167046,5.3500714373106386e-15,342.5,342.5,0.0,7.9999999999999964,7.999999999999999,3.330669073875471e-16,500.0,500.0,0.0
1.594209037784422e-08,1.6917887184069e+21,1.6917887184069e+21,0.0,15266657717376.482,15266657717376.486,2.558680539194845e-16,15266657717376.482,15266657717376.486,2.558680539194845e-16,17.096967665328883,17.0969676653289,1.0389894127264116e-15,342.5,342.5,0.0,7.999999999999999,7.999999999999999,0.0,500.0,500.0,0.0
1.7950684136399573e-08,1.6917887160403813e+21,1.6917887160403813e+21,0.0,17633176603182.645,17633176603182.664,1.1076421701847396e-15,17633176603182.645,17633176603182.664,1.1076421701847396e-15,15.895495414969767,15.895495414969742,1.5645310260781705e-15,342.5,342.5,0.0,8.0,8.0,0.0,500.0,500.0,0.0
2.231092484794133e-08,1.6917887107415878e+21,1.691788710741588e+21,1.5495079162993727e-16,22931969842978.527,22931969842978.637,4.76954229178394e-15,22931969842978.527,22931969842978.637,4.76954229178394e-15,13.954190362742713,13.954190362742606,7.6379501492673e-15,342.5,342.5,0.0,7.999999999999999,8.0,1.1102230246251568e-16,500.0,500.0,0.0
2.6671165559483086e-08,1.6917887053120778e+21,1.6917887053120778e+21,0.0,28361480190558.734,28361480190556.977,6.197887022078484e-14,28361480190558.734,28361480190556.977,6.197887022078484e-14,12.595036078937285,12.595036078937541,2.0309222083246224e-14,342.5,342.5,0.0,8.0,8.0,0.0,500.0,500.0,0.0
3.103140627102484e-08,1.6917886998207196e+21,1.6917886998207193e+21,1.5495079263017873e-16,33852838676881.316,33852838676875.51,1.7146826460860786e-13,33852838676881.316,33852838676875.51,1.7146826460860786e-13,11.588658542306513,11.588658542306932,3.617504239753197e-14,342.5,342.5,0.0,8.000000000000002,8.0,2.2204460492503126e-16,500.0,500.0,0.0
3.539164698256659e-08,1.691788694307817e+21,1.691788694307817e+21,0.0,39365740893312.86,39365740893302.63,2.5978331076545817e-13,39365740893312.86,39365740893302.63,2.5978331076545817e-13,10.810535134593946,10.81053513459424,2.7112337627313062e-14,342.5,342.5,0.0,8.0,8.0,0.0,500.0,500.0,0.0
4.3139125567758664e-08,1.6917886845250526e+21,1.6917886845250524e+21,1.5495079403110766e-16,49148505527450.54,49148505527425.17,5.161334455191493e-13,49148505527450.54,49148505527425.17,5.161334455191493e-13,9.783376608022811,9.783376608020594,2.26597975769793e-13,342.5,342.5,0.0,8.000000000000002,8.0,2.2204460492503126e-16,500.0,500.0,0.0
5.0886604152950735e-08,1.6917886748383416e+21,1.691788674838342e+21,1.5495079491831278e-16,58835215969813.44,58835215969772.83,6.902222475198432e-13,58835215969813.44,58835215969772.83,6.902222475198432e-13,9.043674349199172,9.0436743491996,4.7337175329999507e-14,342.5,342.5,0.0,7.999999999999998,7.999999999999999,1.1102230246251568e-16,500.0,500.0,0.0
5.8634082738142806e-08,1.691788665290197e+21,1.691788665290197e+21,0.0,68383360754261.836,68383360754213.125,7.123214911160125e-13,68383360754261.836,68383360754213.125,7.123214911160125e-13,8.48203761607788,8.482037616081294,4.025162348791844e-13,342.5,342.5,0.0,7.999999999999999,7.999999999999999,0.0,500.0,500.0,0.0
6.638156132333488e-08,1.6917886558955443e+21,1.6917886558955443e+21,0.0,77778013469740.31,77778013469689.77,6.498864234899155e-13,77778013469740.31,77778013469689.77,6.498864234899155e-13,8.038318176053114,8.0383181760559,3.467272406959494e-13,342.5,342.5,0.0,7.999999999999999,7.999999999999999,0.0,500.0,500.0,0.0
8.19369565161462e-08,1.6917886375010147e+21,1.6917886375010141e+21,3.099015966760715e-16,96172543574420.23,96172543574372.05,5.010525687376829e-13,96172543574420.23,96172543574372.05,5.010525687376829e-13,7.372301692224028,7.372301692225857,2.48178604317304e-13,342.5,342.5,0.0,8.000000000000002,7.999999999999999,3.330669073875469e-16,500.0,500.0,0.0
9.749235170895751e-08,1.6917886197292152e+21,1.6917886197292154e+21,1.549507999657536e-16,113944342390242.16,113944342390187.1,4.83240315797508e-13,113944342390242.16,113944342390187.1,4.83240315797508e-13,6.895053255879972,6.895053255884668,6.810388739129858e-13,342.5,342.5,0.0,7.999999999999998,7.999999999999999,1.1102230246251568e-16,500.0,500.0,0.0
1.1304774690176882e-07,1.6917886025365775e+21,1.6917886025365775e+21,0.0,131136980405440.42,131136980405376.02,4.911372047829157e-13,131136980405440.42,131136980405376.02,4.911372047829157e-13,6.532504227029299,6.532504227037363,1.2345434110104812e-12,342.5,342.5,0.0,8.0,8.0,0.0,500.0,500.0,0.0
1.2860314209458014e-07,1.6917885858686616e+21,1.6917885858686614e+21,1.5495080306703937e-16,147804896476722.78,147804896476662.2,4.0995766340895665e-13,147804896476722.78,147804896476662.2,4.0995766340895665e-13,6.244860193743008,6.244860193749841,1.0941408407507815e-12,342.5,342.5,0.0,8.0,7.999999999999999,1.1102230246251565e-16,500.0,500.0,0.0
1.582149557109602e-07,1.6917885554303005e+21,1.6917885554303007e+21,1.5495080585488687e-16,178243257058091.62,178243257058055.7,2.0162053024136298e-13,178243257058091.62,178243257058055.7,2.0162053024136298e-13,5.829878391996182,5.82987839200226,1.0425268791802162e-12,342.5,342.5,0.0,7.999999999999998,7.999999999999999,1.1102230246251568e-16,500.0,500.0,0.0
1.8782676932734024e-07,1.6917885264503487e+21,1.6917885264503487e+21,0.0,207223209085135.75,207223209085127.6,3.93597321265741e-14,207223209085135.75,207223209085127.6,3.93597321265741e-14,5.525537489896043,5.525537489907335,2.0436564675773915e-12,342.5,342.5,0.0,7.999999999999999,7.999999999999999,0.0,500.0,500.0,0.0
2.174385829437203e-07,1.6917884987023407e+21,1.691788498702341e+21,1.5495081105059725e-16,234971216870495.5,234971216870528.5,1.4044273353781867e-13,234971216870495.5,234971216870528.5,1.4044273353781867e-13,5.289628303398797,5.289628303412462,2.5832864245501635e-12,342.5,342.5,0.0,7.999999999999998,7.999999999999999,1.1102230246251568e-16,500.0,500.0,0.0
2.470503965601003e-07,1.691788472011523e+21,1.6917884720115234e+21,1.5495081349520775e-16,261662034524288.44,261662034524376.5,3.3655054375809997e-13,261662034524288.44,261662034524376.5,3.3655054375809997e-13,5.099149201758128,5.099149201764419,1.233728902179786e-12,342.5,342.5,0.0,7.999999999999999,8.0,1.1102230246251568e-16,500.0,500.0,0.0
3.0213964369696646e-07,1.6917884247728215e+21,1.6917884247728212e+21,1.5495081782179797e-16,308900736677892.7,308900736678262.2,1.1961771408311577e-12,308900736677892.7,308900736678262.2,1.1961771408311577e-12,4.825044048580904,4.8250440485708,2.094057090624964e-12,342.5,342.5,0.0,8.000000000000002,8.0,2.2204460492503126e-16,500.0,500.0,0.0
3.572288908338326e-07,1.6917883801259483e+21,1.6917883801259483e+21,0.0,353547609624416.2,353547609625175.75,2.148402306571681e-12,353547609624416.2,353547609625175.75,2.148402306571681e-12,4.6194651783365375,4.619465178328489,1.7423386752794724e-12,342.5,342.5,0.0,8.0,8.0,0.0,500.0,500.0,0.0
4.1231813797069875e-07,1.6917883376027894e+21,1.691788337602789e+21,1.5495082580569728e-16,396070768606225.7,396070768607210.56,2.486613701550807e-12,396070768606225.7,396070768607210.56,2.486613701550807e-12,4.457158833980549,4.457158833988211,1.718903753199008e-12,342.5,342.5,0.0,8.0,7.999999999999999,1.1102230246251565e-16,500.0,500.0,0.0
4.674073851075649e-07,1.6917882968547357e+21,1.691788296854736e+21,1.5495082953780998e-16,436818821892534.44,436818821893517.9,2.2513624658828093e-12,436818821892534.44,436818821893517.9,2.2513624658828093e-12,4.323601812178935,4.323601812187724,2.0328915619828788e-12,342.5,342.5,0.0,7.999999999999998,7.999999999999999,1.1102230246251568e-16,500.0,500.0,0.0
5.683351762923929e-07,1.6917882260516564e+21,1.6917882260516566e+21,1.5495083602266173e-16,507621901120612.5,507621901122735.25,4.181754166464989e-12,507621901120612.5,507621901122735.25,4.181754166464989e-12,4.129892271039234,4.1298922710028805,8.802443340532544e-12,342.5,342.5,0.0,7.999999999999998,7.999999999999999,1.1102230246251568e-16,500.0,500.0,0.0
6.692629674772208e-07,1.6917881592960778e+21,1.6917881592960786e+21,4.648525264104106e-16,574377479348002.1,574377479353238.0,9.11573867057504e-12,574377479348002.1,574377479353238.0,9.11573867057504e-12,3.9818768712991806,3.9818768712232386,1.9071890436140478e-11,342.5,342.5,0.0,7.9999999999999964,8.0,4.440892098500628e-16,500.0,500.0,0.0
7.701907586620488e-07,1.6917880959175486e+21,1.6917880959175494e+21,4.648525438249258e-16,637756008801948.2,637756008810667.9,1.3672352560629238e-11,637756008801948.2,637756008810667.9,1.3672352560629238e-11,3.8647454459322153,3.8647454458880013,1.1440330660954367e-11,342.5,342.5,0.0,7.999999999999998,8.000000000000002,4.440892098500627e-16,500.0,500.0,0.0
8.711185498468767e-07,1.6917880354021067e+21,1.6917880354021072e+21,3.099017069685012e-16,698271450810583.1,698271450820720.0,1.4517097882539355e-11,698271450810583.1,698271450820720.0,1.4517097882539355e-11,3.767637961770442,3.767637961800555,7.992487985061816e-12,342.5,342.5,0.0,7.999999999999998,8.0,2.2204460492503136e-16,500.0,500.0,0.0
1.05507014382716e-06,1.69178793083572e+21,1.6917879308357209e+21,4.648525891844572e-16,802837836456298.9,802837836456798.4,6.221679862583176e-13,802837836456298.9,802837836456798.4,6.221679862583176e-13,3.625025695561275,3.6250256956905926,3.567352523847035e-11,342.5,342.5,0.0,7.999999999999993,7.9999999999999964,4.44089209850063e-16,500.0,500.0,0.0
1.2390217378074431e-06,1.6917878324958255e+21,1.6917878324958263e+21,4.648526162053128e-16,901177730370218.2,901177730355353.9,1.6494387842777115e-11,901177730370218.2,901177730355353.9,1.6494387842777115e-11,3.5125915298127843,3.5125915299527466,3.9845869584578326e-11,342.5,342.5,0.0,7.99999999999999,7.999999999999994,4.440892098500632e-16,500.0,500.0,0.0
1.4229733317877263e-06,1.6917877391471047e+21,1.6917877391471055e+21,4.648526418547463e-16,994526450695519.8,994526450671164.9,2.4488916290730603e-11,994526450695519.8,994526450671164.9,2.4488916290730603e-11,3.421176579535988,3.421176579616937,2.366116550220811e-11,342.5,342.5,0.0,7.999999999999988,7.999999999999992,5.551115123125792e-16,500.0,500.0,0.0
1.76965488787335e-06,1.69178757440297e+21,1.6917875744029708e+21,4.648526871215087e-16,1159270585231787.5,1159270585210071.5,1.8732468740814335e-11,1159270585231787.5,1159270585210071.5,1.8732468740814335e-11,3.287416771644716,3.2874167715180658,3.8525764952821986e-11,342.5,342.5,0.0,7.999999999999988,7.999999999999992,5.551115123125792e-16,500.0,500.0,0.0
2.1163364439589736e-06,1.6917874211425128e+21,1.6917874211425134e+21,3.0990181948860527e-16,1312531043308440.8,1312531043342069.0,2.5620917822434668e-11,1312531043308440.8,1312531043342069.0,2.5620917822434668e-11,3.187029901666896,3.187029901420533,7.730173159893065e-11,342.5,342.5,0.0,7.999999999999992,7.999999999999994,2.2204460492503155e-16,500.0,500.0,0.0
2.463018000044597e-06,1.691787277006389e+21,1.6917872770063896e+21,3.0990184589147966e-16,1456667166863459.0,1456667166956321.0,6.374963485993396e-11,1456667166863459.0,1456667166956321.0,6.374963485993396e-11,3.1067121568718115,3.106712156744781,4.0889010566685195e-11,342.5,342.5,0.0,7.99999999999999,7.999999999999994,4.440892098500632e-16,500.0,500.0,0.0
2.8096995561302208e-06,1.6917871399047167e+21,1.6917871399047175e+21,4.648528065086798e-16,1593768838580235.5,1593768838640136.8,3.7584653777872427e-11,1593768838580235.5,1593768838640136.8,3.7584653777872427e-11,3.0385641114839887,3.038564111636639,5.023765542366283e-11,342.5,342.5,0.0,7.999999999999988,7.999999999999992,5.551115123125792e-16,500.0,500.0,0.0
3.502590656267467e-06,1.6917868830879604e+21,1.6917868830879612e+21,4.648528770742995e-16,1850585594061709.5,1850585594173761.8,6.054961756946624e-11,1850585594061709.5,1850585594173761.8,6.054961756946624e-11,2.9318507151538498,2.931850715123985,1.0186246905016686e-11,342.5,342.5,0.0,7.999999999999983,7.999999999999988,5.551115123125795e-16,500.0,500.0,0.0
4.195481756404713e-06,1.6917866436808275e+21,1.691786643680828e+21,3.09901961904194e-16,2089992726807849.8,2089992726934888.2,6.078418282059395e-11,2089992726807849.8,2089992726934888.2,6.078418282059395e-11,2.850369145121537,2.8503691450768844,1.5665594064417222e-11,342.5,342.5,0.0,7.999999999999983,7.999999999999987,4.440892098500636e-16,500.0,500.0,0.0
4.88837285654196e-06,1.6917864181036606e+21,1.6917864181036616e+21,6.198040064509791e-16,2315569893610155.0,2315569893731821.5,5.2542788855452076e-11,2315569893610155.0,2315569893731821.5,5.2542788855452076e-11,2.784871199108949,2.7848711990789354,1.0777435328901288e-11,342.5,342.5,0.0,7.999999999999983,7.999999999999988,5.551115123125795e-16,500.0,500.0,0.0
5.5812639566792064e-06,1.6917862040840118e+21,1.6917862040840134e+21,9.297061272890566e-16,2529589542286141.5,2529589542370682.5,3.342083709106231e-11,2529589542286141.5,2529589542370682.5,3.342083709106231e-11,2.7304328250570182,2.7304328250280943,1.0593182905402709e-11,342.5,342.5,0.0,7.999999999999982,7.999999999999989,8.881784197001272e-16,500.0,500.0,0.0
6.817950223637915e-06,1.6917858457902194e+21,1.6917858457902207e+21,7.747552701552325e-16,2887883335076136.0,2887883335124197.5,1.6642465925214706e-11,2887883335076136.0,2887883335124197.5,1.6642465925214706e-11,2.652422783768156,2.6524227837493286,7.098267386338717e-12,342.5,342.5,0.0,7.999999999999984,7.99999999999999,7.771561172376112e-16,500.0,500.0,0.0
8.054636490596624e-06,1.6917855113828995e+21,1.6917855113829019e+21,1.394559761935462e-15,3222290654619990.0,3222290654666519.0,1.4439727817007632e-11,3222290654619990.0,3222290654666519.0,1.4439727817007632e-11,2.591016435398588,2.5910164353863734,4.714240153033585e-12,342.5,342.5,0.0,7.999999999999982,7.999999999999993,1.3322676295501908e-15,500.0,500.0,0.0
9.291322757555331e-06,1.6917851957777814e+21,1.6917851957777859e+21,2.634168930619583e-15,3537895771697352.5,3537895771751726.5,1.5369022579744724e-11,3537895771697352.5,3537895771751726.5,1.5369022579744724e-11,2.5405944415619994,2.5405944415544233,2.9820430195793544e-12,342.5,342.5,0.0,7.999999999999977,7.999999999999999,2.7755575615628992e-15,500.0,500.0,0.0
1.052800902451404e-05,1.691784895642004e+21,1.6917848956420096e+21,3.25397396216316e-15,3838031548456126.0,3838031548480927.5,6.4620365119136576e-12,3838031548456126.0,3838031548480927.5,6.4620365119136576e-12,2.498026279200503,2.498026279194682,2.3302882804650393e-12,342.5,342.5,0.0,7.999999999999974,8.0,3.2196467714129642e-15,500.0,500.0,0.0
1.2801216889629939e-05,1.6917843776275273e+21,1.691784377627532e+21,2.7891213930093825e-15,4356046025658363.0,4356046025667251.5,2.040497264639579e-12,4356046025658363.0,4356046025667251.5,2.040497264639579e-12,2.434478499600552,2.4344784996007474,8.026328939281599e-14,342.5,342.5,0.0,7.999999999999977,7.999999999999999,2.7755575615628992e-15,500.0,500.0,0.0
1.5074424754745838e-05,1.6917838942780827e+21,1.6917838942780895e+21,4.028732052038131e-15,4839395469498638.0,4839395469517513.0,3.900280545155665e-12,4839395469498638.0,4839395469517513.0,3.900280545155665e-12,2.3841289299656783,2.384128929967704,8.497589831960769e-13,342.5,342.5,0.0,7.999999999999973,8.000000000000005,3.996802888650577e-15,500.0,500.0,0.0
1.7347632619861737e-05,1.691783438625891e+21,1.691783438625903e+21,7.12775862718831e-15,5295047659002698.0,5295047659033544.0,5.8254433173146784e-12,5295047659002698.0,5295047659033544.0,5.8254433173146784e-12,2.3424747624292728,2.342474762423001,2.677455489086322e-12,342.5,342.5,0.0,7.999999999999962,8.00000000000002,7.216449660063552e-15,500.0,500.0,0.0
1.9620840484977635e-05,1.6917830056787832e+21,1.6917830056787973e+21,8.367370964528852e-15,5727994766180546.0,5727994766163034.0,3.0572653633336128e-12,5727994766180546.0,5727994766163034.0,3.0572653633336128e-12,2.306938414627997,2.30693841461987,3.5227782799596884e-12,342.5,342.5,0.0,7.999999999999959,8.000000000000027,8.437694987151232e-15,500.0,500.0,0.0
2.409918899954489e-05,1.6917822071949102e+21,1.6917822071948994e+21,6.353006878953264e-15,6526478649575488.0,6526478649549162.0,4.033721921654086e-12,6526478649575488.0,6526478649549162.0,4.033721921654086e-12,2.249997807863937,2.2499978078732807,4.152731590487998e-12,342.5,342.5,0.0,8.000000000000009,7.999999999999958,6.328271240363385e-15,500.0,500.0,0.0
2.8577537514112146e-05,1.6917814660699833e+21,1.6917814660699275e+21,3.300465995156506e-14,7267603594857140.0,7267603594776179.0,1.1139985683491513e-11,7267603594857140.0,7267603594776179.0,1.1139985683491513e-11,2.205542206021868,2.2055422060748797,2.4035730086452975e-11,342.5,342.5,0.0,8.000000000000096,7.999999999999832,3.297362383136675e-14,500.0,500.0,0.0
3.30558860286794e-05,1.6917807726773202e+21,1.6917807726772465e+21,4.354137674908422e-14,7960996265686530.0,7960996265422194.0,3.320388443583883e-11,7960996265686530.0,7960996265422194.0,3.320388443583883e-11,2.1696110683263834,2.169611068387802,2.8308495839330746e-11,342.5,342.5,0.0,8.000000000000131,7.999999999999782,4.363176486776793e-14,500.0,500.0,0.0
3.753423454324666e-05,1.6917801195388684e+21,1.6917801195388176e+21,3.0060606229290536e-14,8614134708188627.0,8614134707826850.0,4.199806623131787e-11,8614134708188627.0,8614134707826850.0,4.199806623131787e-11,2.13909378519899,2.13909378520895,4.656192667864101e-12,342.5,342.5,0.0,8.000000000000089,7.999999999999846,3.030908857226644e-14,500.0,500.0,0.0
4.55496527336973e-05,1.691779025867338e+21,1.6917790258672705e+21,3.9822581418669835e-14,9707806245605012.0,9707806245543328.0,6.354061714810802e-12,9707806245605012.0,9707806245543328.0,6.354061714810802e-12,2.093056051800752,2.093056051739536,2.924714852634972e-11,342.5,342.5,0.0,8.00000000000012,7.999999999999802,3.985700658404252e-14,500.0,500.0,0.0
5.356507092414794e-05,1.691778012463853e+21,1.6917780124637615e+21,5.4078168250194566e-14,1.0721209740189708e+16,1.0721209740328164e+16,1.2914214286936435e-11,1.0721209740189708e+16,1.0721209740328164e+16,1.2914214286936435e-11,2.057499525555785,2.0574995255823763,1.2924024223149732e-11,342.5,342.5,0.0,8.000000000000167,7.999999999999735,5.3956838996781485e-14,500.0,500.0,0.0
6.158048911459858e-05,1.6917770651651002e+21,1.6917770651649932e+21,6.3220358167914e-14,1.1668508498371472e+16,1.1668508498534666e+16,1.3985849178819756e-11,1.1668508498371472e+16,1.1668508498534666e+16,1.3985849178819756e-11,2.0277312764015525,2.027731276397709,1.8955135505298305e-12,342.5,342.5,0.0,8.000000000000192,7.9999999999996865,6.317169010116989e-14,500.0,500.0,0.0
6.959590730504922e-05,1.691776173611849e+21,1.6917761736117408e+21,6.399515118413045e-14,1.2560061750057342e+16,1.2560061750076376e+16,1.5154384093623666e-12,1.2560061750057342e+16,1.2560061750076376e+16,1.5154384093623666e-12,2.0024263913506384,2.002426391335448,7.58605438768974e-12,342.5,342.5,0.0,8.000000000000195,7.999999999999683,6.405986852086997e-14,500.0,500.0,0.0
8.490233283181318e-05,1.6917746004814885e+21,1.6917746004813774e+21,6.56996836152797e-14,1.413319210944781e+16,1.41331921093298e+16,8.34984758475845e-12,1.413319210944781e+16,1.41331921093298e+16,8.34984758475845e-12,1.9631987065979626,1.963198706605118,3.6447596311372586e-12,342.5,342.5,0.0,8.000000000000188,7.999999999999663,6.561418075534521e-14,500.0,500.0,0.0
0.00010020875835857715,1.6917731629662124e+21,1.6917731629660808e+21,7.778601226258381e-14,1.557070738667641e+16,1.5570707386568368e+16,6.9387984320127744e-12,1.557070738667641e+16,1.5570707386568368e+16,6.9387984320127744e-12,1.93211323049513,1.932113230511941,8.700834285248424e-12,342.5,342.5,0.0,8.000000000000195,7.999999999999572,7.793765632868408e-14,500.0,500.0,0.0
0.00011551518388534111,1.691771834158216e+21,1.691771834158064e+21,8.98723556747551e-14,1.6899515384975576e+16,1.6899515384911814e+16,3.773007600956846e-12,1.6899515384975576e+16,1.6899515384911814e+16,3.773007600956846e-12,1.9064515606844221,1.9064515606892958,2.5564022364931495e-12,342.5,342.5,0.0,8.000000000000204,7.999999999999485,8.992806499463538e-14,500.0,500.0,0.0
0.00013082160941210508,1.6917705966084033e+21,1.6917705966082473e+21,9.219670817822112e-14,1.8137065198059604e+16,1.8137065197771036e+16,1.591040208814337e-11,1.8137065198059604e+16,1.8137065197771036e+16,1.591040208814337e-11,1.8848274627515675,1.8848274627491026,1.3077680625866733e-12,342.5,342.5,0.0,8.000000000000206,7.999999999999466,9.248157795127315e-14,500.0,500.0,0.0
0.0001586373244976499,1.691768546348424e+21,1.6917685463482546e+21,1.0009940447558301e-13,2.0187325178829944e+16,2.01873251782188e+16,3.027364916283683e-11,2.0187325178829944e+16,2.01873251782188e+16,3.027364916283683e-11,1.8530571317709386,1.8530571317977558,1.4471877124256242e-11,342.5,342.5,0.0,8.000000000000213,7.999999999999409,1.0047518372857399e-13,500.0,500.0,0.0
0.00018645303958319474,1.691766704202242e+21,1.6917667042020137e+21,1.349638951002222e-13,2.2029471368094332e+16,2.2029471367413196e+16,3.09193075321136e-11,2.2029471368094332e+16,2.2029471367413196e+16,3.09193075321136e-11,1.8279689412879698,1.8279689413428812,3.00395742581191e-11,342.5,342.5,0.0,8.000000000000247,7.999999999999163,1.354472090042649e-13,500.0,500.0,0.0
0.00019547170388611783,1.6917661436618416e+21,1.691766143661602e+21,1.416269127371143e-13,2.2590011769765824e+16,2.259001176896992e+16,3.523256243120809e-11,2.2590011769765824e+16,2.259001176896992e+16,3.523256243120809e-11,1.8208454781108667,1.8208454781144272,1.9554021924292512e-12,342.5,342.5,0.0,8.000000000000254,7.999999999999116,1.4221956945447803e-13,500.0,500.0,0.0
0.00019796844698234447,1.6917659914752381e+21,1.691765991475001e+21,1.402323496248579e-13,2.2742198373076576e+16,2.2742198370692196e+16,1.0484386605398517e-10,2.2742198373076576e+16,2.2742198370692196e+16,1.0484386605398517e-10,1.818832497828107,1.8188325070561981,5.073634428189875e-09,342.5,342.5,0.0,8.000000000000252,7.999999999999119,1.416644579421655e-13,500.0,500.0,0.0
0.0001992168185304578,1.6917659158503065e+21,1.6917659158500698e+21,1.3992245013461158e-13,2.281782330450225e+16,2.2817823302163296e+16,1.0250548305098387e-10,2.281782330450225e+16,2.2817823302163296e+16,1.0250548305098387e-10,1.8178602128331705,1.8178602095807903,1.7891255444294556e-09,342.5,342.5,0.0,8.00000000000025,7.999999999999121,1.412203687323155e-13,500.0,500.0,0.0
0.00019984100430451445,1.6917658781561187e+21,1.6917658781558817e+21,1.4007740613511256e-13,2.285551749244398e+16,2.28555174901111e+16,1.0207075822156505e-10,2.285551749244398e+16,2.28555174901111e+16,1.0207075822156505e-10,1.8173975569689083,1.8173975554947974,8.111108258876906e-10,342.5,342.5,0.0,8.000000000000252,7.999999999999121,1.4144241333724048e-13,500.0,500.0,0.0
0.00019992993910323146,1.6917658727918016e+21,1.6917658727915646e+21,1.4007740657927545e-13,2.2860881809739212e+16,2.2860881807362184e+16,1.0397796636992963e-10,2.2860881809739212e+16,2.2860881807362184e+16,1.0397796636992963e-10,1.817331726074717,1.8173317257886898,1.573885481772684e-10,342.5,342.5,0.0,8.000000000000252,7.999999999999121,1.4144241333724048e-13,500.0,500.0,0.0
0.00019997334638488214,1.6917658701741585e+21,1.6917658701738756e+21,1.671941614301994e-13,2.286349945248077e+16,2.2863499496464612e+16,1.9237581758389835e-09,2.286349945248077e+16,2.2863499496464612e+16,1.9237581758389835e-09,1.8172994658769828,1.8173067968103098,4.033970990860686e-06,342.5,342.5,0.0,8.00000000000025,7.999999999999122,1.4110934642985298e-13,500.0,500.0,0.0
0.00019999696491221342,1.6917658686177076e+21,1.6917658686124946e+21,3.081393046580013e-12,2.286505590329249e+16,2.2865060877466236e+16,2.175447883896814e-07,2.286505590329249e+16,2.2865060877466236e+16,2.175447883896814e-07,1.8390410617650284,1.8389697516783696,3.8775690299316454e-05,342.5,342.5,0.0,8.00000000000025,7.999999999999122,1.4110934642985298e-13,941.6329271809337,941.6329271809337,0.0
0.0002000205834395447,1.6917658665355984e+21,1.6917658665274326e+21,4.826782335265998e-12,2.286713801223764e+16,2.286714593961887e+16,3.4667133367356953e-07,2.286713801223764e+16,2.286714593961887e+16,3.4667133367356953e-07,1.8968659313039142,1.896735527229508,6.874712242667698e-05,342.5,342.5,0.0,8.000000000000249,7.9999999999991225,1.4077627952246548e-13,1395.8353758593084,1395.8353758593084,0.0
0.00020004420196687597,1.691765863360577e+21,1.6917658633533813e+21,4.253301719722877e-12,2.2870313033912348e+16,2.2870319990757616e+16,3.0418670954281715e-07,2.2870313033912348e+16,2.2870319990757616e+16,3.0418670954281715e-07,1.971705467149702,1.9715779636050972,6.466662832213432e-05,342.5,342.5,0.0,8.000000000000249,7.999999999999122,1.40887301824928e-13,1500.0,1500.0,0.0
0.00020006782049420725,1.691765858661361e+21,1.6917658586571528e+21,2.4874586577422773e-12,2.2875012249605024e+16,2.2875016219349748e+16,1.7354066003040257e-07,2.2875012249605024e+16,2.2875016219349748e+16,1.7354066003040257e-07,2.0380314588739177,2.0379390205391177,4.535667710010172e-05,342.5,342.5,0.0,8.000000000000249,7.999999999999122,1.40887301824928e-13,1500.0,1500.0,0.0
0.00020009712386798368,1.6917658506748992e+21,1.6917658506739518e+21,5.59999727871358e-13,2.2882998711552572e+16,2.2882999420300236e+16,3.097267420821843e-08,2.2882998711552572e+16,2.2882999420300236e+16,3.097267420821843e-08,2.0962954120582933,2.0962022310104778,4.445034191246701e-05,342.5,342.5,0.0,8.000000000000249,7.999999999999122,1.40887301824928e-13,1500.0,1500.0,0.0
0.0002001264272417601,1.6917658407200455e+21,1.69176584072209e+21,1.2084775604228072e-12,2.289295356556268e+16,2.2892951282073252e+16,9.97463879643297e-08,2.289295356556268e+16,2.2892951282073252e+16,9.97463879643297e-08,2.1303826000118833,2.1302886415306515,4.410404085693957e-05,342.5,342.5,0.0,8.000000000000252,7.999999999999122,1.4133139103477796e-13,1500.0,1500.0,0.0
0.00020015573061553653,1.6917658294334246e+21,1.6917658294389346e+21,3.2569547393242423e-12,2.2904240186272628e+16,2.2904234437567644e+16,2.509886788318529e-07,2.2904240186272628e+16,2.2904234437567644e+16,2.509886788318529e-07,2.150087315766473,2.1500281131937498,2.7534962086964757e-05,342.5,342.5,0.0,8.00000000000025,7.999999999999122,1.4110934642985298e-13,1500.0,1500.0,0.0
0.00020018503398931296,1.691765817348394e+21,1.6917658173554604e+21,4.176910061391073e-12,2.2916325216688012e+16,2.291631791160596e+16,3.1877196640063083e-07,2.2916325216688012e+16,2.291631791160596e+16,3.1877196640063083e-07,2.1626985483965138,2.162660543498262,1.7572905978848753e-05,342.5,342.5,0.0,8.000000000000249,7.999999999999122,1.40887301824928e-13,1500.0,1500.0,0.0
0.00020023190256199683,1.691765796963392e+21,1.691765796972194e+21,5.2028531985922796e-12,2.293671021898617e+16,2.2936701178245652e+16,3.9416029716922553e-07,2.293671021898617e+16,2.2936701178245652e+16,3.9416029716922553e-07,2.17365553825663,2.1736483525439096,3.3058194336378732e-06,342.5,342.5,0.0,8.00000000000025,7.999999999999122,1.4110934642985298e-13,1500.0,1500.0,0.0
0.0002002787711346807,1.6917657759194124e+21,1.6917657759287282e+21,5.506560932134473e-12,2.2957754198104396e+16,2.2957744644060164e+16,4.161576149634388e-07,2.2957754198104396e+16,2.2957744644060164e+16,4.161576149634388e-07,2.1793998994478727,2.1794031151059836,1.4754786910445476e-06,342.5,342.5,0.0,8.000000000000249,7.9999999999991225,1.4077627952246548e-13,1500.0,1500.0,0.0
0.00020032563970736459,1.6917657545456151e+21,1.6917657545554e+21,5.783771729454388e-12,2.2979127995496044e+16,2.2979117972188028e+16,4.3619183538925365e-07,2.2979127995496044e+16,2.2979117972188028e+16,4.3619183538925365e-07,2.182232306606089,2.182237104311666,2.1985310925607777e-06,342.5,342.5,0.0,8.000000000000249,7.999999999999122,1.40887301824928e-13,1500.0,1500.0,0.0
0.00020037250828004846,1.6917657330108877e+21,1.6917657330214518e+21,6.244446763440865e-12,2.3000662723225252e+16,2.300065192027669e+16,4.696798824449335e-07,2.3000662723225252e+16,2.300065192027669e+16,4.696798824449335e-07,2.1833262798156268,2.183337016550699,4.917604469558322e-06,342.5,342.5,0.0,8.00000000000025,7.999999999999122,1.4110934642985298e-13,1500.0,1500.0,0.0
0.0002004751033268139,1.6917656856989807e+21,1.6917656857089842e+21,5.9130026838598074e-12,2.304797463040466e+16,2.3047964388151372e+16,4.4438843118512117e-07,2.304797463040466e+16,2.3047964388151372e+16,4.4438843118512117e-07,2.183631789868514,2.1836352253658657,1.5732951717745227e-06,342.5,342.5,0.0,8.000000000000252,7.9999999999991225,1.4122036873231547e-13,1500.0,1500.0,0.0
0.00020057769837357936,1.6917656383242853e+21,1.691765638334369e+21,5.9604184383292955e-12,2.309534932535062e+16,2.309533900324814e+16,4.469342435392367e-07,2.309534932535062e+16,2.309533900324814e+16,4.469342435392367e-07,2.182708560463032,2.1827071667756814,6.38512798116921e-07,342.5,342.5,0.0,8.000000000000249,7.999999999999122,1.40887301824928e-13,1500.0,1500.0,0.0
0.0002006802934203448,1.6917655910115222e+21,1.6917655910328715e+21,1.2619519877594315e-11,2.3142662088897556e+16,2.3142640500671816e+16,9.32832431164292e-07,2.3142662088897556e+16,2.3142640500671816e+16,9.32832431164292e-07,2.181752804628791,2.181753853369547,4.80687250081941e-07,342.5,342.5,0.0,8.000000000000252,7.999999999999122,1.4133139103477796e-13,1500.0,1500.0,0.0
0.0002017062438879993,1.691765123599572e+21,1.691765123623904e+21,1.4382733005057061e-11,2.3610074038704196e+16,2.361004946841757e+16,1.0406696136455022e-06,2.3610074038704196e+16,2.361004946841757e+16,1.0406696136455022e-06,2.1738082999732717,2.173808462094534,7.457937399296913e-08,342.5,342.5,0.0,8.000000000000249,7.9999999999991225,1.4077627952246548e-13,1500.0,1500.0,0.0
0.0002027321943556538,1.6917646621348955e+21,1.691764662281711e+21,8.678250911254312e-11,2.4071538715127904e+16,2.407139166142901e+16,6.109027787392055e-06,2.4071538715127904e+16,2.407139166142901e+16,6.109027787392055e-06,2.166178712610007,2.1661794653397224,3.474919733379385e-07,342.5,342.5,0.0,8.000000000000249,7.999999999999124,1.4055423491754045e-13,1500.0,1500.0,0.0
0.000206038813135479,1.6917632260920118e+21,1.6917632261346188e+21,2.5184996395992523e-11,2.550758159892842e+16,2.5507538754358004e+16,1.6796798336146423e-06,2.550758159892842e+16,2.5507538754358004e+16,1.6796798336146423e-06,2.1435916850613626,2.143592408498716,3.37488411911497e-07,342.5,342.5,0.0,8.000000000000249,7.999999999999126,1.4033219031261542e-13,1500.0,1500.0,0.0
0.00020934543191530422,1.6917618411057054e+21,1.691761841081518e+21,1.4297071762885756e-11,2.689256790532518e+16,2.689259185572251e+16,8.905954022805468e-07,2.689256790532518e+16,2.689259185572251e+16,8.905954022805468e-07,2.1233718535424826,2.123372424967459,2.691120612116611e-07,342.5,342.5,0.0,8.000000000000249,7.9999999999991305,1.3977707880030287e-13,1500.0,1500.0,0.0
0.00022504106002216984,1.6917557608795522e+21,1.691755760928834e+21,2.913054142896973e-11,3.2972794058604372e+16,3.2972744543031664e+16,1.5017099436581939e-06,3.2972794058604372e+16,3.2972744543031664e+16,1.5017099436581939e-06,2.0486981872092476,2.0487011045291577,1.423987158432343e-06,342.5,342.5,0.0,8.000000000000249,7.999999999999144,1.3811174426336518e-13,1500.0,1500.0,0.0
0.00024073668812903546,1.6917504060469593e+21,1.691750406509278e+21,2.73278333264468e-10,3.832762671347478e+16,3.832716412374656e+16,1.2069354872457262e-05,3.832762671347478e+16,3.832716412374656e+16,1.2069354872457262e-05,1.996462102176361,1.9964661497606155,2.0273784561286334e-06,342.5,342.5,0.0,8.000000000000544,7.999999999999262,1.602051824533992e-13,1500.0,1500.0,0.0
0.0002564323162359011,1.6917455992970493e+21,1.6917456001093856e+21,4.801763834855195e-10,4.313437669191674e+16,4.313356404265637e+16,1.8839944440886944e-05,4.313437669191674e+16,4.313356404265637e+16,1.8839944440886944e-05,1.95740750634178,1.9574140874297712,3.3621450668340303e-06,342.5,342.5,0.0,8.000000000000867,7.999999999999387,1.8496315590253104e-13,1500.0,1500.0,0.0
0.0002785955551851795,1.691739544831983e+21,1.6917395459141528e+21,6.396787004866502e-10,4.918884172860322e+16,4.91877592689354e+16,2.2006203638386382e-05,4.918884172860322e+16,4.91877592689354e+16,2.2006203638386382e-05,1.9161211689672222,1.91612975382827,4.480333074368929e-06,342.5,342.5,0.0,8.000000000000727,7.999999999999356,1.713074126996461e-13,1500.0,1500.0,0.0
0.0003007587941344579,1.6917341351846583e+21,1.6917341362097666e+21,6.059512091834135e-10,5.459848886304729e+16,5.459746359257602e+16,1.877836717869149e-05,5.459848886304729e+16,5.459746359257602e+16,1.877836717869149e-05,1.8844025291429016,1.884406522729886,2.119285514999496e-06,342.5,342.5,0.0,7.999999999999827,7.999999999999061,9.570122472269056e-14,1500.0,1500.0,0.0
0.0003229220330837363,1.691729208843105e+21,1.691729209601434e+21,4.482567958630838e-10,5.952483026756189e+16,5.952407187751245e+16,1.2740734346172262e-05,5.952483026756189e+16,5.952407187751245e+16,1.2740734346172262e-05,1.8581896068785009,1.858188981495405,3.3655504995868696e-07,342.5,342.5,0.0,7.9999999999991225,7.999999999998836,3.586020369539649e-14,1500.0,1500.0,0.0
0.0003450852720330147,1.6917246647725552e+21,1.691724665473967e+21,4.146135004482551e-10,6.406890085458981e+16,6.4068199361611976e+16,1.0949040306218176e-05,6.406890085458981e+16,6.4068199361611976e+16,1.0949040306218176e-05,1.836301891519348,1.8363025500295331,3.5860671281166137e-07,342.5,342.5,0.0,7.9999999999993,7.9999999999989155,4.807265696627348e-14,1500.0,1500.0,0.0
0.00038158675754689246,1.691717916479517e+21,1.6917179171280978e+21,3.83385839741949e-10,7.081719407978091e+16,7.081654530285418e+16,9.161291056026646e-06,7.081719407978091e+16,7.081654530285418e+16,9.161291056026646e-06,1.8082019751984983,1.808207171205245,2.873576524034871e-06,342.5,342.5,0.0,8.000000000000185,7.999999999999257,1.1601830607332618e-13,1500.0,1500.0,0.0
0.00041808824306077024,1.6917119620556642e+21,1.691711962524034e+21,2.768614348785865e-10,7.677161777002358e+16,7.677114931636309e+16,6.101912062076064e-06,7.677161777002358e+16,7.677114931636309e+16,6.101912062076064e-06,1.7869755093798856,1.786973709467772,1.0072393852786987e-06,342.5,342.5,0.0,7.999999999999416,7.999999999999019,4.962696920074812e-14,1500.0,1500.0,0.0
0.000454589728574648,1.6917066180715e+21,1.6917066180323773e+21,2.312613327043595e-11,8.211560172966286e+16,8.211564090916707e+16,4.771261901847219e-07,8.211560172966286e+16,8.211564090916707e+16,4.771261901847219e-07,1.7679537557790195,1.7679447856266515,5.073748302908289e-06,342.5,342.5,0.0,7.9999999999984475,7.999999999998717,3.363975764614877e-14,1500.0,1500.0,0.0
0.0004910912140885258,1.6917017697337074e+21,1.691701769483305e+21,1.4801799736570358e-10,8.696393945399509e+16,8.696418994599602e+16,2.8804123007848918e-06,8.696393945399509e+16,8.696418994599602e+16,2.8804123007848918e-06,1.7527246888755554,1.7527215046727198,1.8167159142770956e-06,342.5,342.5,0.0,7.999999999998125,7.999999999998549,5.295763827463238e-14,1500.0,1500.0,0.0
0.0005413964074847045,1.6916957941538478e+21,1.691695793884185e+21,1.5940384502928905e-10,9.293951928215734e+16,9.293978910325587e+16,2.903190167240306e-06,9.293951928215734e+16,9.293978910325587e+16,2.903190167240306e-06,1.7354932468757063,1.735493073917274,9.965952478024914e-08,342.5,342.5,0.0,7.999999999997976,7.999999999998725,9.359180097592437e-14,1500.0,1500.0,0.0
0.0005917016008808832,1.6916905127916583e+21,1.691690512597081e+21,1.1501936610787349e-10,9.822088147729627e+16,9.822107627458765e+16,1.983257413761119e-06,9.822088147729627e+16,9.822107627458765e+16,1.983257413761119e-06,1.7213362366475977,1.7213355449142316,4.018583652720228e-07,342.5,342.5,0.0,7.999999999998003,7.999999999999043,1.3000711618363827e-13,1500.0,1500.0,0.0
0.0006420067942770619,1.6916858209480755e+21,1.691685820797532e+21,8.899024284995811e-11,1.0291272508287266e+17,1.0291287585701192e+17,1.4650679898193923e-06,1.0291272508287266e+17,1.0291287585701192e+17,1.4650679898193923e-06,1.7095388052560914,1.7095382918940178,3.0029272920815374e-07,342.5,342.5,0.0,7.999999999998111,7.999999999999201,1.3622436512153887e-13,1500.0,1500.0,0.0
0.0006923119876732405,1.6916816348960326e+21,1.6916816348576945e+21,2.266267772916751e-11,1.0709877714956182e+17,1.070988157022602e+17,3.5997328255356023e-07,1.0709877714956182e+17,1.070988157022602e+17,3.5997328255356023e-07,1.6996218911463126,1.6996214034167314,2.869635791980581e-07,342.5,342.5,0.0,7.999999999998223,7.999999999999238,1.268984917146836e-13,1500.0,1500.0,0.0
0.0008059827885525094,1.691673727329047e+21,1.691673727347586e+21,1.0959019771070765e-11,1.1500634415434213e+17,1.1500632584967634e+17,1.591622264545212e-07,1.1500634415434213e+17,1.1500632584967634e+17,1.591622264545212e-07,1.6821769521406305,1.6821769561479492,2.3822218548386073e-09,342.5,342.5,0.0,7.999999999998313,7.999999999999422,1.3855583347324874e-13,1500.0,1500.0,0.0
0.0009196535894317783,1.6916674819995552e+21,1.6916674819020491e+21,5.763900689794405e-11,1.2125167361596299e+17,1.2125177146487128e+17,8.069901665680433e-07,1.2125167361596299e+17,1.2125177146487128e+17,8.069901665680433e-07,1.669439008220313,1.6694387545579408,1.519446778044668e-07,342.5,342.5,0.0,7.99999999999817,7.999999999999792,2.0272672429659996e-13,1500.0,1500.0,0.0
0.0010333243903110473,1.6916624842795086e+21,1.6916624840607715e+21,1.2930306721151988e-10,1.2624939366819381e+17,1.2624961278194787e+17,1.735562822898544e-06,1.2624939366819381e+17,1.2624961278194787e+17,1.735562822898544e-06,1.6597885365465948,1.6597877995108918,4.440539783742576e-07,342.5,342.5,0.0,7.999999999998198,7.99999999999998,2.2271073873985656e-13,1500.0,1500.0,0.0
0.0011469951911903162,1.6916584585858135e+21,1.6916584585147379e+21,4.201535283157425e-11,1.3027508742755568e+17,1.3027515879042416e+17,5.47785995689191e-07,1.3027508742755568e+17,1.3027515879042416e+17,5.47785995689191e-07,1.6523782133881761,1.6523777362072618,2.8878431733818464e-07,342.5,342.5,0.0,7.999999999998502,7.999999999999861,1.6986412276768076e-13,1500.0,1500.0,0.0
0.0013188069170587166,1.691653811787849e+21,1.6916538118526777e+21,3.8322696426572527e-11,1.3492188550243152e+17,1.3492182079067662e+17,4.796238553517234e-07,1.3492188550243152e+17,1.3492182079067662e+17,4.796238553517234e-07,1.6442079952016229,1.644208218085059,1.3555671593994502e-07,342.5,342.5,0.0,7.999999999999024,7.999999999999576,6.905587213169317e-14,1500.0,1500.0,0.0
0.001490618642927117,1.6916504253937783e+21,1.691650425448237e+21,3.2192728662201706e-11,1.3830827965522914e+17,1.3830822519257888e+17,3.9377722282254475e-07,1.3830827965522914e+17,1.3830822519257888e+17,3.9377722282254475e-07,1.6384716935167356,1.6384718042458337,6.758072083330518e-08,342.5,342.5,0.0,7.999999999999412,7.999999999999394,2.2204460492504764e-15,1500.0,1500.0,0.0
0.0016624303687955172,1.6916479338974557e+21,1.691647933864995e+21,1.9188843364832027e-11,1.4079977608478805e+17,1.4079980835874062e+17,2.292187777100227e-07,1.4079977608478805e+17,1.4079980835874062e+17,2.292187777100227e-07,1.6343299828658517,1.6343296345597909,2.1311856512076122e-07,342.5,342.5,0.0,7.999999999999917,7.9999999999990346,1.103561686477417e-13,1500.0,1500.0,0.0
0.0018342420946639176,1.6916460933321846e+21,1.691646093432703e+21,5.942042532667112e-11,1.4264034149219448e+17,1.4264024053435594e+17,7.077790019839835e-07,1.4264034149219448e+17,1.4264024053435594e+17,7.077790019839835e-07,1.6313465544232784,1.6313464060955318,9.092350495825097e-08,342.5,342.5,0.0,8.000000000000561,7.999999999998483,2.597921877622684e-13,1500.0,1500.0,0.0
0.0021112014546166864,1.691644108299496e+21,1.6916441080382402e+21,1.544390187310877e-10,1.4462537441072698e+17,1.446256347889058e+17,1.8003630405584454e-06,1.4462537441072698e+17,1.446256347889058e+17,1.8003630405584454e-06,1.6281951808061281,1.6281953100464308,7.937641887505984e-08,342.5,342.5,0.0,8.00000000000165,7.9999999999975,5.188072194072286e-13,1500.0,1500.0,0.0
0.0021804412946048787,1.6916437366707732e+21,1.691643736533684e+21,8.10390807498259e-11,1.4499700314901213e+17,1.4499713933951824e+17,9.392642823937419e-07,1.4499700314901213e+17,1.4499713933951824e+17,9.392642823937419e-07,1.627642076889158,1.6276425305617135,2.7872992592433386e-07,342.5,342.5,0.0,8.000000000001723,7.999999999997473,5.31241717283023e-13,1500.0,1500.0,0.0
0.0021977512546019267,1.6916436515846658e+21,1.6916436515096484e+21,4.434591544485539e-11,1.45082089250935e+17,1.4508216338364013e+17,5.109707580222363e-07,1.45082089250935e+17,1.4508216338364013e+17,5.109707580222363e-07,1.6275086445070128,1.627508268353176,2.3112248160083646e-07,342.5,342.5,0.0,8.000000000001698,7.999999999997514,5.230260669008002e-13,1500.0,1500.0,0.0
0.0021999149996015576,1.6916436411692165e+21,1.6916436410949289e+21,4.3914495720064565e-11,1.4509250469977213e+17,1.4509257810408515e+17,5.059138869777557e-07,1.4509250469977213e+17,1.4509257810408515e+17,5.059138869777557e-07,1.6274920922178495,1.6274920456549935,2.8610188791694124e-08,342.5,342.5,0.0,8.000000000001695,7.9999999999975175,5.221378884811006e-13,1500.0,1500.0,0.0
0.002199987653258904,1.6916436411786582e+21,1.6916436411124382e+21,3.9145321203620074e-11,1.4509249525759914e+17,1.4509256059479853e+17,4.5031412049258283e-07,1.4509249525759914e+17,1.4509256059479853e+17,4.5031412049258283e-07,1.6186579102231609,1.6172777680858534,0.0008526459658898149,342.5,342.5,0.0,8.000000000001693,7.999999999997518,5.218048215737131e-13,1106.1559931539232,1106.1559931539232,0.0
0.0022000603069162504,1.6916436428495787e+21,1.6916436428808617e+21,1.8492638430221493e-11,1.4509082433722317e+17,1.4509079217135165e+17,2.2169473270921254e-07,1.4509082433722317e+17,1.4509079217135165e+17,2.2169473270921254e-07,1.5797186668746768,1.5761152560908915,0.0022810458971876542,342.5,342.5,0.0,8.000000000001693,7.9999999999975175,5.219158438761756e-13,0.0,0.0,0.0
0.002200109467814435,1.691643645541126e+21,1.691643645618221e+21,4.557400593157356e-11,1.45088132789857e+17,1.4508805481208192e+17,5.374510897107042e-07,1.45088132789857e+17,1.4508805481208192e+17,5.374510897107042e-07,1.5419244681575572,1.5389999867668749,0.0018966437403881474,342.5,342.5,0.0,8.000000000001693,7.9999999999975175,5.219158438761756e-13,0.0,0.0,0.0
0.00220015862871262,1.6916436494738092e+21,1.691643649603657e+21,7.675835721098207e-11,1.4508420010623946e+17,1.450840693757674e+17,9.010662220163961e-07,1.4508420010623946e+17,1.450840693757674e+17,9.010662220163961e-07,1.5070941355589904,1.5036136840699321,0.0023093789611007736,342.5,342.5,0.0,8.000000000001691,7.999999999997517,5.218048215737133e-13,0.0,0.0,0.0
0.0022002077896108047,1.6916436543152228e+21,1.6916436545138603e+21,1.174227907522335e-10,1.4507935869294934e+17,1.450791591724879e+17,1.3752505059129161e-06,1.4507935869294934e+17,1.450791591724879e+17,1.3752505059129161e-06,1.4783632251428065,1.4742631293410857,0.0027734021869522027,342.5,342.5,0.0,8.000000000001693,7.999999999997517,5.220268661786381e-13,0.0,0.0,0.0
0.0022002569505089895,1.6916436597220555e+21,1.6916436599987299e+21,1.6355358185863967e-10,1.4507395186027766e+17,1.4507367430311814e+17,1.9132115446011864e-06,1.4507395186027766e+17,1.4507367430311814e+17,1.9132115446011864e-06,1.4544402262057494,1.4497857792920545,0.0032001637673602437,342.5,342.5,0.0,8.000000000001693,7.9999999999975175,5.219158438761756e-13,0.0,0.0,0.0
0.0022003474375243523,1.6916436704374098e+21,1.691643670970555e+21,3.151639252669235e-10,1.450632365056638e+17,1.450627024779526e+17,3.6813442472666023e-06,1.450632365056638e+17,1.450627024779526e+17,3.6813442472666023e-06,1.416663990319452,1.413843909355332,0.0019906491471446104,342.5,342.5,0.0,8.000000000001691,7.9999999999975175,5.216937992712508e-13,0.0,0.0,0.0
0.002200437924539715,1.6916436819247256e+21,1.6916436825328043e+21,3.594602492719611e-10,1.4505174919025517e+17,1.450511402286907e+17,4.19823661472199e-06,1.4505174919025517e+17,1.450511402286907e+17,4.19823661472199e-06,1.3856500791805066,1.3840070109645846,0.0011857742734686795,342.5,342.5,0.0,8.000000000001693,7.9999999999975175,5.219158438761756e-13,0.0,0.0,0.0
0.002200528411555078,1.6916436938884228e+21,1.6916436944771783e+21,3.480375348443991e-10,1.45039785493218e+17,1.4503919585475702e+17,4.065356680960972e-06,1.45039785493218e+17,1.4503919585475702e+17,4.065356680960972e-06,1.3594848770840695,1.3581290173233207,0.000997333463287188,342.5,342.5,0.0,8.000000000001693,7.999999999997518,5.218048215737131e-13,0.0,0.0,0.0
0.00220067995560047,1.6916437145792028e+21,1.6916437151061547e+21,3.115028908194652e-10,1.4501909471289744e+17,1.4501856687836275e+17,3.639758858879819e-06,1.4501909471289744e+17,1.4501856687836275e+17,3.639758858879819e-06,1.323701771574232,1.3221772772855427,0.0011516901476050496,342.5,342.5,0.0,8.000000000001693,7.999999999997518,5.218048215737131e-13,0.0,0.0,0.0
0.002200831499645862,1.691643735647694e+21,1.6916437361928152e+21,3.2224344670261487e-10,1.4499802622177178e+17,1.4499748021830566e+17,3.765592403836573e-06,1.4499802622177178e+17,1.4499748021830566e+17,3.765592403836573e-06,1.2946166227533011,1.293219923707264,0.0010788514696086844,342.5,342.5,0.0,8.000000000001693,7.99999999999752,5.215827769687882e-13,0.0,0.0,0.0
0.002200983043691254,1.6916437568790046e+21,1.6916437576870152e+21,4.77648229550847e-10,1.4497679491069434e+17,1.449759860183037e+17,5.579461120810938e-06,1.4497679491069434e+17,1.449759860183037e+17,5.579461120810938e-06,1.270151678119199,1.2702198401543547,5.3664484588664734e-05,342.5,342.5,0.0,8.00000000000169,7.99999999999752,5.211386877589384e-13,0.0,0.0,0.0
0.002201134587736646,1.691643778181219e+21,1.691643779225934e+21,6.17573957734312e-10,1.4495549269629542e+17,1.4495444709940182e+17,7.213227137178513e-06,1.4495549269629542e+17,1.4495444709940182e+17,7.213227137178513e-06,1.2491452528408278,1.2505199821328592,0.001100535977625488,342.5,342.5,0.0,8.00000000000169,7.99999999999752,5.211386877589384e-13,0.0,0.0,0.0
0.002201408929663429,1.691643816810259e+21,1.691643818182051e+21,8.109226057732609e-10,1.4491686365638896e+17,1.4491549098279085e+17,9.472145363059567e-06,1.4491686365638896e+17,1.4491549098279085e+17,9.472145363059567e-06,1.2173577137247855,1.220965118762906,0.0029633073314850327,342.5,342.5,0.0,8.00000000000169,7.999999999997522,5.209166431540135e-13,0.0,0.0,0.0
0.002201683271590212,1.6916438554009139e+21,1.691643856854469e+21,8.592560325692859e-10,1.4487827300192906e+17,1.448768185650928e+17,1.0039026598809845e-05,1.4487827300192906e+17,1.448768185650928e+17,1.0039026598809845e-05,1.1917739998676566,1.195774570455545,0.0033568198235005356,342.5,342.5,0.0,8.000000000001693,7.999999999997524,5.211386877589382e-13,0.0,0.0,0.0
0.002201957613516995,1.6916438938562118e+21,1.6916438953480172e+21,8.818672834170393e-10,1.448398177036208e+17,1.4483832501708714e+17,1.0305774733287896e-05,1.448398177036208e+17,1.4483832501708714e+17,1.0305774733287896e-05,1.1705053446408458,1.1745842422323205,0.003484732137405391,342.5,342.5,0.0,8.000000000001691,7.999999999997524,5.209166431540133e-13,0.0,0.0,0.0
0.002202390190151791,1.6916439541377052e+21,1.691643955504218e+21,8.078017189193711e-10,1.4477953620996224e+17,1.447781688164609e+17,9.444660047542755e-06,1.4477953620996224e+17,1.447781688164609e+17,9.444660047542755e-06,1.1432138284120212,1.1454653829683783,0.0019694955575236327,342.5,342.5,0.0,8.00000000000169,7.999999999997525,5.205835762466259e-13,0.0,0.0,0.0
0.0022028227667865866,1.6916440139428874e+21,1.6916440152614702e+21,7.794682192399597e-10,1.4471973102767974e+17,1.4471841156436458e+17,9.117369869320953e-06,1.4471973102767974e+17,1.4471841156436458e+17,9.117369869320953e-06,1.1208704126816833,1.1217647647401372,0.0007979085256735054,342.5,342.5,0.0,8.00000000000169,7.999999999997525,5.205835762466259e-13,0.0,0.0,0.0
0.0022032553434213824,1.6916440732981382e+21,1.6916440746196441e+21,7.811961959016042e-10,1.446603757769862e+17,1.4465905339056013e+17,9.141317509907758e-06,1.446603757769862e+17,1.4465905339056013e+17,9.141317509907758e-06,1.1019067433317111,1.1022624464931299,0.0003228069558257287,342.5,342.5,0.0,8.00000000000169,7.999999999997526,5.20361531641701e-13,0.0,0.0,0.0
0.002203687920056178,1.6916441322435083e+21,1.6916441335833182e+21,7.920163774393286e-10,1.446014304063371e+17,1.4460008971676547e+17,9.271620397174473e-06,1.446014304063371e+17,1.4460008971676547e+17,9.271620397174473e-06,1.085507691018737,1.085766629431014,0.00023854129677706556,342.5,342.5,0.0,8.000000000001688,7.999999999997527,5.200284647343137e-13,0.0,0.0,0.0
0.0022045275716893933,1.6916442456228878e+21,1.6916442469838823e+21,8.045394320523121e-10,1.444880510267362e+17,1.444866891530549e+17,9.425510771323213e-06,1.444880510267362e+17,1.444866891530549e+17,9.425510771323213e-06,1.0587056414516707,1.0594581749904401,0.000710805260032069,342.5,342.5,0.0,8.000000000001686,7.999999999997528,5.196953978269262e-13,0.0,0.0,0.0
0.0022053672233226084,1.6916443577463068e+21,1.6916443591265773e+21,8.159341926070473e-10,1.4437592760731382e+17,1.4437454645858054e+17,9.566336689012092e-06,1.4437592760731382e+17,1.4437454645858054e+17,9.566336689012092e-06,1.0370601139081428,1.0382458108495738,0.0011433251800252201,342.5,342.5,0.0,8.000000000001686,7.999999999997531,5.193623309195388e-13,0.0,0.0,0.0
0.0022062068749558236,1.691644468761793e+21,1.6916444701688078e+21,8.317438766633222e-10,1.4426491212094848e+17,1.4426350422852147e+17,9.759077285734278e-06,1.4426491212094848e+17,1.4426350422852147e+17,9.759077285734278e-06,1.0189647211879083,1.0203616234888133,0.0013709034982845615,342.5,342.5,0.0,8.000000000001682,7.9999999999975335,5.185851748023016e-13,0.0,0.0,0.0
0.0022077838317880977,1.6916446746590805e+21,1.691644676156894e+21,8.854184959509043e-10,1.4405901483224859e+17,1.4405751614323734e+17,1.0403299043750702e-05,1.4405901483224859e+17,1.4405751614323734e+17,1.0403299043750702e-05,0.9917139653415412,0.992264400271039,0.0005550339601280432,342.5,342.5,0.0,8.000000000001677,7.999999999997537,5.17474951777677e-13,0.0,0.0,0.0
0.0022093607886203718,1.6916448776868064e+21,1.6916448792935475e+21,9.498099467904247e-10,1.4385598710632136e+17,1.4385437949051094e+17,1.117517485892221e-05,1.4385598710632136e+17,1.4385437949051094e+17,1.117517485892221e-05,0.9696379156705633,0.9694172849578764,0.00022753927947875773,342.5,342.5,0.0,8.000000000001677,7.999999999997542,5.16808817962902e-13,0.0,0.0,0.0
0.002210937745452646,1.6916450782556675e+21,1.691645079913364e+21,9.799315714318316e-10,1.4365541824479147e+17,1.4365375967481451e+17,1.1545474561452088e-05,1.4365541824479147e+17,1.4365375967481451e+17,1.1545474561452088e-05,0.9508118330649054,0.9503749964600895,0.0004594353894479143,342.5,342.5,0.0,8.000000000001677,7.999999999997545,5.164757510555146e-13,0.0,0.0,0.0
0.00221251470228492,1.691645276631397e+21,1.6916452782783416e+21,9.735756109339836e-10,1.4345704251422792e+17,1.4345539469808925e+17,1.1486477831916626e-05,1.4345704251422792e+17,1.4345539469808925e+17,1.1486477831916626e-05,0.9344257594817024,0.9340761762569656,0.0003741155690428254,342.5,342.5,0.0,8.000000000001672,7.9999999999975495,5.152545057284275e-13,0.0,0.0,0.0
0.002215154799365141,1.691645604456533e+21,1.6916456059634356e+21,8.907909176237392e-10,1.4312921737752965e+17,1.4312770960518845e+17,1.0534343503206427e-05,1.4312921737752965e+17,1.4312770960518845e+17,1.0534343503206427e-05,0.9108577872895246,0.9109757958761474,0.00012955764145572215,342.5,342.5,0.0,8.000000000001668,7.999999999997555,5.141442827038028e-13,0.0,0.0,0.0
0.002217794896445362,1.6916459273737897e+21,1.6916459287740175e+21,8.277309899322701e-10,1.4280630012022234e+17,1.4280489902479378e+17,9.81115978343028e-06,1.4280630012022234e+17,1.4280489902479378e+17,9.81115978343028e-06,0.8909486962487879,0.8914158625920184,0.0005243470754235968,342.5,342.5,0.0,8.000000000001664,7.999999999997562,5.128120150742531e-13,0.0,0.0,0.0
0.002220434993525583,1.6916462459001653e+21,1.6916462472627665e+21,8.054882541112651e-10,1.42487773743479e+17,1.4248641027737806e+17,9.569004168727139e-06,1.42487773743479e+17,1.4248641027737806e+17,9.569004168727139e-06,0.8735613206488148,0.8742065302991039,0.0007385968621068562,342.5,342.5,0.0,8.00000000000166,7.99999999999757,5.11146680537316e-13,0.0,0.0,0.0
0.002224705257404121,1.6916467527116144e+21,1.691646754228054e+21,8.964280507861543e-10,1.419809622930022e+17,1.41979444991924e+17,1.0686651602464755e-05,1.419809622930022e+17,1.41979444991924e+17,1.0686651602464755e-05,0.8492378665255096,0.8495722144349195,0.0003937034870781402,342.5,342.5,0.0,8.000000000001652,7.99999999999758,5.090372567905292e-13,0.0,0.0,0.0
0.002228975521282659,1.6916472502403927e+21,1.6916472519873735e+21,1.0327098814387834e-09,1.414834335133706e+17,1.4148168567463555e+17,1.2353663546586351e-05,1.414834335133706e+17,1.4148168567463555e+17,1.2353663546586351e-05,0.8279093763237849,0.8278638200931604,5.502562469676049e-05,342.5,342.5,0.0,8.000000000001647,7.9999999999975895,5.071498776486671e-13,0.0,0.0,0.0
0.0022332457851611974,1.6916477393011647e+21,1.6916477412359282e+21,1.1437153530127192e-09,1.4099437273975429e+17,1.4099243712223037e+17,1.3728331750464534e-05,1.4099437273975429e+17,1.4099243712223037e+17,1.3728331750464534e-05,0.8086065239459655,0.8083075525093646,0.00036973661199515297,342.5,342.5,0.0,8.00000000000164,7.9999999999976,5.049294315994177e-13,0.0,0.0,0.0
0.0022375160490397355,1.6916482204314003e+21,1.691648222496243e+21,1.2206100104390667e-09,1.4051324250305597e+17,1.405111768094827e+17,1.4701059746871005e-05,1.4051324250305597e+17,1.405111768094827e+17,1.4701059746871005e-05,0.7908417288343211,0.7903900335411859,0.0005711576370673489,342.5,342.5,0.0,8.000000000001634,7.999999999997611,5.029310301550932e-13,0.0,0.0,0.0
0.0022462229894214592,1.6916491787989866e+21,1.6916491804330196e+21,9.659407893686963e-10,1.3955487491340432e+17,1.3955324003705829e+17,1.1714935411940734e-05,1.3955487491340432e+17,1.3955324003705829e+17,1.1714935411940734e-05,0.7578582658299374,0.7577189416531557,0.0001838393576524193,342.5,342.5,0.0,8.000000000001618,7.9999999999976295,4.986011603590569e-13,0.0,0.0,0.0
0.002254929929803183,1.6916501082885705e+21,1.6916501094890395e+21,7.096438225978689e-10,1.386253853264306e+17,1.3862418402168213e+17,8.66583523382248e-06,1.386253853264306e+17,1.3862418402168213e+17,8.66583523382248e-06,0.7283202047165838,0.7285528730812886,0.0003194588907434652,342.5,342.5,0.0,8.000000000001604,7.999999999997652,4.940492459580956e-13,0.0,0.0,0.0
0.0022636368701849066,1.6916510107890106e+21,1.6916510117688878e+21,5.792431337140697e-10,1.3772288488386642e+17,1.3772190417765491e+17,7.1208660226001775e-06,1.3772288488386642e+17,1.3772190417765491e+17,7.1208660226001775e-06,0.7012331068846512,0.7016432405471941,0.0005848749274901217,342.5,342.5,0.0,8.000000000001592,7.999999999997671,4.900524430694466e-13,0.0,0.0,0.0
0.002279538174413694,1.6916525938387308e+21,1.6916525952113603e+21,8.114133510056002e-10,1.3613983515833323e+17,1.3613846171271734e+17,1.0088491838488393e-05,1.3613983515833323e+17,1.3613846171271734e+17,1.0088491838488393e-05,0.6565863069435043,0.6566404229728666,8.24202831981923e-05,342.5,342.5,0.0,8.000000000001567,7.999999999997707,4.825029265019985e-13,0.0,0.0,0.0
0.002295439478642482,1.6916540989371455e+21,1.691654101162319e+21,1.315383228563133e-09,1.3463473673786616e+17,1.3463251076182165e+17,1.6533445219609077e-05,1.3463473673786616e+17,1.3463251076182165e+17,1.6533445219609077e-05,0.6162732674431798,0.615949737945589,0.000524977335027054,342.5,342.5,0.0,8.000000000001538,7.999999999997743,4.743982984222382e-13,0.0,0.0,0.0
0.0023113407828712694,1.6916555315993117e+21,1.6916555343668225e+21,1.6359777622620142e-09,1.3320207456683184e+17,1.3319930626555486e+17,2.078271893270741e-05,1.3320207456683184e+17,1.3319930626555486e+17,2.078271893270741e-05,0.5793853643130756,0.5789333521723665,0.0007801580235721388,342.5,342.5,0.0,8.000000000001517,7.999999999997778,4.674038933671022e-13,0.0,0.0,0.0
0.002327242087100057,1.6916568963078737e+21,1.691656899324747e+21,1.783383628522118e-09,1.3183736599987835e+17,1.3183434834868845e+17,2.288919508530521e-05,1.3183736599987835e+17,1.3183434834868845e+17,2.288919508530521e-05,0.5455494866369829,0.545096430840102,0.0008304577457744003,342.5,342.5,0.0,8.000000000001492,7.999999999997813,4.598543767996541e-13,0.0,0.0,0.0
0.00235503238852678,1.6916591333470343e+21,1.6916591337759546e+21,2.5355006010895305e-10,1.2960032683012656e+17,1.2959989715364808e+17,3.315396565652167e-06,1.2960032683012656e+17,1.2959989715364808e+17,3.315396565652167e-06,0.4926724771207558,0.4925486535065229,0.00025133048827194796,342.5,342.5,0.0,8.00000000000145,7.999999999997873,4.470868120164695e-13,0.0,0.0,0.0
0.0023828226899535033,1.6916611959195005e+21,1.6916611932283286e+21,1.5908456630414203e-09,1.275377543555835e+17,1.2754044479197346e+17,2.1095215323071233e-05,1.275377543555835e+17,1.2754044479197346e+17,2.1095215323071233e-05,0.4468732932715256,0.4471816679512908,0.0006900718490192176,342.5,342.5,0.0,8.00000000000141,7.999999999997932,4.3476333644313466e-13,0.0,0.0,0.0
0.0024106129913802265,1.6916631019551895e+21,1.691663096634746e+21,3.145096339049271e-09,1.2563171865856478e+17,1.256370383868158e+17,4.2343830903735984e-05,1.2563171865856478e+17,1.256370383868158e+17,4.2343830903735984e-05,0.4069965043406571,0.4076885092869737,0.0017002724567319492,342.5,342.5,0.0,8.000000000001373,7.99999999999799,4.2288395007964953e-13,0.0,0.0,0.0
0.00245673363220396,1.6916659606342882e+21,1.6916659562040142e+21,2.618882257650248e-09,1.22773039546862e+17,1.227774691382685e+17,3.6079512430782836e-05,1.22773039546862e+17,1.227774691382685e+17,3.6079512430782836e-05,0.35164259121900193,0.35230777724469103,0.0018916537481514176,342.5,342.5,0.0,8.000000000001311,7.999999999998082,4.0356606945117826e-13,0.0,0.0,0.0
0.002502854273027694,1.6916684959485822e+21,1.6916684951985416e+21,4.433733012279241e-10,1.2023772523998691e+17,1.2023847462957822e+17,6.232566274987868e-06,1.2023772523998691e+17,1.2023847462957822e+17,6.232566274987868e-06,0.30664929232421856,0.3069897170420001,0.0011101434971571144,342.5,342.5,0.0,8.00000000000125,7.99999999999817,3.850253449399441e-13,0.0,0.0,0.0
0.0025489749138514275,1.6916707610020956e+21,1.691670763115834e+21,1.2494974931858986e-09,1.1797267171403843e+17,1.1797055735470645e+17,1.792245018498125e-05,1.1797267171403843e+17,1.1797055735470645e+17,1.792245018498125e-05,0.2694627405003381,0.2695707067076185,0.0004006721191952491,342.5,342.5,0.0,8.00000000000119,7.999999999998254,3.670397319410221e-13,0.0,0.0,0.0
0.0025950955546751612,1.6916727973073359e+21,1.6916728008547023e+21,2.0969577747082078e-09,1.1593636646098464e+17,1.1593281850261091e+17,3.060263558390863e-05,1.1593636646098464e+17,1.1593281850261091e+17,3.060263558390863e-05,0.23837608104119526,0.23840493118156922,0.0001210278323561063,342.5,342.5,0.0,8.00000000000113,7.99999999999833,3.499422973617999e-13,0.0,0.0,0.0
0.0026,1.691673001806893e+21,1.6916730054222008e+21,2.1371197944629093e-09,1.1573186690253064e+17,1.1572825100586963e+17,3.124374260767181e-05,1.1573186690253064e+17,1.1572825100586963e+17,3.124374260767181e-05,0.23538191393475108,0.23540752478545435,0.00010880551642708843,342.5,342.5,0.0,8.000000000001123,7.999999999998339,3.4794389591747524e-13,0.0,0.0,0.0
